variant,instance,run,seed,fitness,deterministic_makespan,final_robust_stdev,final_R,function_evaluations,raw_function_evaluations,runtime_s,generations
competition_with_rl,0_BehnkeGeiger_42_workers.fjs,1,1000,184.18815312898977,86.0,7.114203399495216,2.1417227108022066,4007770,5000000,19989.770651102066,16252
competition_with_rl,0_BehnkeGeiger_42_workers.fjs,2,1001,183.96026385687435,88.0,6.489733687017964,2.0904575438281174,4908600,5000000,19687.05961894989,16264
competition_with_rl,0_BehnkeGeiger_42_workers.fjs,3,1002,186.2747214790573,88.0,4.353630187486856,2.116758198625651,4475130,5000000,19853.186487674713,16258
competition_with_rl,0_BehnkeGeiger_42_workers.fjs,4,1003,190.518675076943,90.0,7.4221799211475705,2.1168741675215887,4592790,5000000,19797.130836725235,16265
competition_with_rl,0_BehnkeGeiger_42_workers.fjs,5,1004,194.62240018999796,92.0,3.9262879757762326,2.1154608716304124,3623810,5000000,20038.249888658524,16235
competition_with_rl,0_BehnkeGeiger_42_workers.fjs,6,1005,192.41427932130335,91.0,5.485090112179073,2.1144426299044325,4425480,5000000,19716.06168961525,16259
competition_with_rl,0_BehnkeGeiger_42_workers.fjs,7,1006,183.7406554290343,87.0,3.508378178548736,2.1119615566555665,4239060,5000000,19945.060429811478,16237
competition_with_rl,0_BehnkeGeiger_42_workers.fjs,8,1007,202.59307882227742,95.0,5.526841196461341,2.1325587244450253,3970550,5000000,19963.57267642021,16235
competition_with_rl,0_BehnkeGeiger_42_workers.fjs,9,1008,183.33341351754177,86.0,4.48138511248771,2.131783878110951,2570040,5000000,19767.6579310894,16241
competition_with_rl,0_BehnkeGeiger_42_workers.fjs,10,1009,191.39187335358304,91.0,4.181883047423187,2.1032073994899236,3506620,5000000,19633.414397239685,16245
competition_with_rl,0_BehnkeGeiger_46_workers.fjs,1,1000,271.66525298805,128.0,4.820970480443626,2.1223847889691405,4912020,5000000,37016.16334748268,17536
competition_with_rl,0_BehnkeGeiger_46_workers.fjs,2,1001,292.68695124843515,137.0,6.332729946170399,2.136401104003176,3197600,5000000,35837.49815869331,17354
competition_with_rl,0_BehnkeGeiger_46_workers.fjs,3,1002,284.765672464032,133.0,6.5562528626836665,2.141095281684451,3198520,5000000,36586.03337717056,17833
competition_with_rl,0_BehnkeGeiger_46_workers.fjs,4,1003,288.792224065562,136.0,5.719737144195703,2.123472235776191,3695550,5000000,37197.76943445206,18114
competition_with_rl,0_BehnkeGeiger_46_workers.fjs,5,1004,318.0135622239057,149.0,5.622328747996669,2.134319209556414,4969770,5000000,36902.0718729496,20871
competition_with_rl,0_BehnkeGeiger_46_workers.fjs,6,1005,290.16622994809956,135.0,6.953791833201194,2.149379481097034,3384160,5000000,35966.21493434906,18958
competition_with_rl,0_BehnkeGeiger_46_workers.fjs,7,1006,290.06290740458525,136.0,6.2005477950713,2.1328154956219505,4198490,5000000,37307.46789908409,18186
competition_with_rl,0_BehnkeGeiger_46_workers.fjs,8,1007,298.5432862993408,139.0,8.549149623590178,2.147793426613963,4694520,5000000,35964.09438371658,18000
competition_with_rl,0_BehnkeGeiger_46_workers.fjs,9,1008,283.81777561861384,134.0,5.816166247739077,2.1180431016314465,4891000,5000000,36629.811317920685,17904
competition_with_rl,0_BehnkeGeiger_46_workers.fjs,10,1009,292.362893857644,136.0,6.010017371888244,2.1497271607179704,4960320,5000000,36073.12488722801,17967
competition_with_rl,0_BehnkeGeiger_60_workers.fjs,1,1000,1656.4409943344542,785.0,12.630030998203264,2.1101159163496233,119580,438070,129601.55102705956,43849
competition_with_rl,0_BehnkeGeiger_60_workers.fjs,2,1001,1878.7642692356926,893.0,16.83097042357097,2.1038793608462405,79930,317390,129601.64305996895,45833
competition_with_rl,0_BehnkeGeiger_60_workers.fjs,3,1002,1880.234435079232,896.0,17.443235130773658,2.0984759320080717,108300,112760,129600.058095932,49920
competition_with_rl,0_BehnkeGeiger_60_workers.fjs,4,1003,1956.818900726818,927.0,16.389546768820708,2.1109157505143665,176630,226230,129601.09973788261,47414
competition_with_rl,0_BehnkeGeiger_60_workers.fjs,5,1004,1822.1685829249586,864.0,18.65801171379669,2.108991415422406,215780,352370,129600.30901122093,45378
competition_with_rl,0_BehnkeGeiger_60_workers.fjs,6,1005,1920.8290582690413,907.0,18.437888143170834,2.1177828646847203,245140,446690,129600.21035385132,44240
competition_with_rl,0_BehnkeGeiger_60_workers.fjs,7,1006,1778.1043546417534,841.0,18.678119356107665,2.1142739056382323,331030,351250,129601.36587405205,45140
competition_with_rl,0_BehnkeGeiger_60_workers.fjs,8,1007,2040.5205081975491,964.0,18.01037389518348,2.1167225188771255,252640,631660,129601.18726849556,41217
competition_with_rl,0_BehnkeGeiger_60_workers.fjs,9,1008,1937.7955719958866,913.0,20.500301018482208,2.1224486002145526,76610,479190,129600.0771715641,43160
competition_with_rl,0_BehnkeGeiger_60_workers.fjs,10,1009,1933.3473609262019,922.0,16.977195229121442,2.096906031373321,133100,250550,129601.35470414162,47354
competition_with_rl,1_Brandimarte_12_workers.fjs,1,1000,1259.5998166006611,598.0,11.884834962122062,2.1063542083623097,612340,5000000,108856.3841779232,84541
competition_with_rl,1_Brandimarte_12_workers.fjs,2,1001,1252.7239837002364,593.0,14.673513683956989,2.1125193654304155,238660,5000000,110093.19370436668,84886
competition_with_rl,1_Brandimarte_12_workers.fjs,3,1002,1168.255957819549,552.0,10.100133463424372,2.1164057206875886,3166790,5000000,109582.91447067261,84886
competition_with_rl,1_Brandimarte_12_workers.fjs,4,1003,1084.8689418623378,512.0,13.793897812018,2.1188846520748785,516790,5000000,108096.37285351753,83920
competition_with_rl,1_Brandimarte_12_workers.fjs,5,1004,1180.3062625842545,559.0,11.947960257127415,2.1114602192920473,4883860,5000000,109318.24812102318,84681
competition_with_rl,1_Brandimarte_12_workers.fjs,6,1005,1098.8793169182306,520.0,8.873290571281803,2.113229455611982,847590,5000000,107592.13013505936,83912
competition_with_rl,1_Brandimarte_12_workers.fjs,7,1006,1136.9030154084537,533.0,18.811439137420695,2.133026295325429,1465610,5000000,108507.81640052795,82669
competition_with_rl,1_Brandimarte_12_workers.fjs,8,1007,1167.7199591416795,553.0,14.210653656337925,2.111609329370126,214040,5000000,109528.8194797039,84503
competition_with_rl,1_Brandimarte_12_workers.fjs,9,1008,1179.282030545293,557.0,15.315990724715032,2.1172029273703648,4428150,5000000,114630.13650774956,82157
competition_with_rl,1_Brandimarte_12_workers.fjs,10,1009,1199.0327962085175,565.0,11.745644449061226,2.1221819401920663,196200,5000000,108694.34968948364,84286
competition_with_rl,1_Brandimarte_14_workers.fjs,1,1000,1407.4639516129807,670.0,16.391855024410834,2.100692465094001,2279140,4017390,129601.1990647316,64251
competition_with_rl,1_Brandimarte_14_workers.fjs,2,1001,1452.9911985432188,688.0,13.106300530072263,2.111905811836074,667230,3986530,129600.10873389244,66524
competition_with_rl,1_Brandimarte_14_workers.fjs,3,1002,1439.093851060067,684.0,9.878042158757776,2.103938378742788,1245280,3409530,129600.76334738731,71298
competition_with_rl,1_Brandimarte_14_workers.fjs,4,1003,1509.6077741442489,716.0,18.38575006223242,2.108390746011521,302340,3867230,129601.09552168846,68222
competition_with_rl,1_Brandimarte_14_workers.fjs,5,1004,1501.7580648142057,715.0,18.042736060931688,2.100360929810078,248090,3914850,129600.54690384865,67851
competition_with_rl,1_Brandimarte_14_workers.fjs,6,1005,1411.5567712009845,671.0,13.438017391659361,2.1036613579746417,971090,3063440,129600.4770488739,73313
competition_with_rl,1_Brandimarte_14_workers.fjs,7,1006,1453.3329806161378,691.0,19.88465237828346,2.103231520428564,489690,3872350,129601.4307038784,66585
competition_with_rl,1_Brandimarte_14_workers.fjs,8,1007,1482.2615868419346,704.0,14.39916872365317,2.1054852085822935,592020,4034080,129600.86097884178,67059
competition_with_rl,1_Brandimarte_14_workers.fjs,9,1008,1585.5173516407935,750.0,19.099188396940203,2.114023135521058,373980,3959940,129600.36005139351,64527
competition_with_rl,1_Brandimarte_14_workers.fjs,10,1009,1503.8655679414037,708.0,16.15294701211789,2.1241039095217564,3759950,3944740,129600.78606629372,67575
competition_with_rl,1_Brandimarte_7_workers.fjs,1,1000,379.7669315048679,179.0,6.424018103474967,2.121602969300938,3805040,5000000,63933.22039318085,83312
competition_with_rl,1_Brandimarte_7_workers.fjs,2,1001,383.30149475241456,182.0,7.012928711352763,2.1060521689693106,4709440,5000000,63495.76078081131,83470
competition_with_rl,1_Brandimarte_7_workers.fjs,3,1002,379.5631547987216,179.0,5.774386379589826,2.1204645519481655,290700,5000000,63899.35172080994,84658
competition_with_rl,1_Brandimarte_7_workers.fjs,4,1003,377.68412299116403,177.0,7.272282184207635,2.1338086044698534,681660,5000000,64858.818205833435,84400
competition_with_rl,1_Brandimarte_7_workers.fjs,5,1004,402.2519364728459,190.0,5.219745198355716,2.1171154551202416,140700,5000000,63808.47233128548,84419
competition_with_rl,1_Brandimarte_7_workers.fjs,6,1005,372.2597060941057,177.0,5.630975353892943,2.103162181322631,2662160,5000000,64434.542108774185,83362
competition_with_rl,1_Brandimarte_7_workers.fjs,7,1006,413.5385376265207,193.0,9.125387888590353,2.142686723453475,1904860,5000000,64302.71389961243,82733
competition_with_rl,1_Brandimarte_7_workers.fjs,8,1007,365.97321332991413,173.0,4.9049189295848015,2.115452100172914,547900,5000000,57871.89762878418,70160
competition_with_rl,1_Brandimarte_7_workers.fjs,9,1008,382.53586973417873,181.0,6.122314973488013,2.1134578438352416,3333780,5000000,47516.61226248741,53430
competition_with_rl,1_Brandimarte_7_workers.fjs,10,1009,364.9840443511113,172.0,6.521217261863294,2.1220002578552983,4050520,5000000,63574.65242481232,81076
competition_with_rl,2a_Hurink_sdata_18_workers.fjs,1,1000,2713.4509860142475,1284.0,28.249122965769097,2.1132795841232457,4837360,5000000,51420.10982990265,60330
competition_with_rl,2a_Hurink_sdata_18_workers.fjs,2,1001,2663.40555097808,1261.0,39.87866819026649,2.1121376296416177,1963560,5000000,52144.98797416687,61390
competition_with_rl,2a_Hurink_sdata_18_workers.fjs,3,1002,2936.7245693825025,1387.0,38.60893537852261,2.1173212468511196,195410,5000000,62493.52106547356,79901
competition_with_rl,2a_Hurink_sdata_18_workers.fjs,4,1003,2872.6629463393288,1354.0,56.52271979190579,2.1216122203392382,290290,5000000,64469.46552038193,83076
competition_with_rl,2a_Hurink_sdata_18_workers.fjs,5,1004,2881.5759124614306,1362.0,31.356027057359046,2.115694502541432,1656230,5000000,61418.17205429077,78026
competition_with_rl,2a_Hurink_sdata_18_workers.fjs,6,1005,2860.038140910433,1364.0,30.810152484571717,2.096802156092693,833770,5000000,46326.77101302147,51127
competition_with_rl,2a_Hurink_sdata_18_workers.fjs,7,1006,2844.8427575157148,1356.0,45.18908693408664,2.0979666353360726,2127190,5000000,63388.0432305336,82966
competition_with_rl,2a_Hurink_sdata_18_workers.fjs,8,1007,2869.542247362341,1364.0,34.391610642537785,2.1037699760720976,3596340,5000000,64052.11330628395,84595
competition_with_rl,2a_Hurink_sdata_18_workers.fjs,9,1008,2729.3164931555793,1294.0,38.523009704451084,2.1092090364417153,728610,5000000,54465.474829912186,65204
competition_with_rl,2a_Hurink_sdata_18_workers.fjs,10,1009,2965.176447382381,1414.0,44.07906748848041,2.0970130462393075,2349270,5000000,61283.62658929825,76970
competition_with_rl,2a_Hurink_sdata_1_workers.fjs,1,1000,111.15731154723252,52.0,2.792294458544051,2.1376406066775484,4806220,5000000,12970.945545434952,16853
competition_with_rl,2a_Hurink_sdata_1_workers.fjs,2,1001,119.779958830987,57.0,2.5115416451136547,2.101402786508544,941470,5000000,12985.997953414917,17187
competition_with_rl,2a_Hurink_sdata_1_workers.fjs,3,1002,117.87935970339984,56.0,2.284881391175798,2.10498856613214,1572550,5000000,13801.134355068207,20704
competition_with_rl,2a_Hurink_sdata_1_workers.fjs,4,1003,110.1086907053765,52.0,2.5360674643094523,2.1174748212572405,3742610,5000000,12895.977372169495,16815
competition_with_rl,2a_Hurink_sdata_1_workers.fjs,5,1004,113.57463505612722,54.0,2.3976898781876366,2.1032339825208743,84110,5000000,13088.021970272064,17720
competition_with_rl,2a_Hurink_sdata_1_workers.fjs,6,1005,110.33287448672735,52.0,1.8509942786626952,2.1217860478216797,1144570,5000000,12823.680119514465,16825
competition_with_rl,2a_Hurink_sdata_1_workers.fjs,7,1006,110.45650598255861,52.0,3.6932692961457656,2.1241635765876654,4949400,5000000,12994.79566001892,17216
competition_with_rl,2a_Hurink_sdata_1_workers.fjs,8,1007,109.66761106689431,52.0,1.7931071162286638,2.1089925205171984,1472540,5000000,12994.925710201263,17162
competition_with_rl,2a_Hurink_sdata_1_workers.fjs,9,1008,112.77041747623666,54.0,2.436016496223563,2.088341064374753,3013230,5000000,12930.441865444183,16908
competition_with_rl,2a_Hurink_sdata_1_workers.fjs,10,1009,119.58745820111865,57.0,2.724439207766644,2.0980255824757656,2943540,5000000,13001.169691324234,17348
competition_with_rl,2a_Hurink_sdata_38_workers.fjs,1,1000,5126.762716669731,2429.0,46.38572626439906,2.1106474749566617,251870,1181540,129600.8949804306,78718
competition_with_rl,2a_Hurink_sdata_38_workers.fjs,2,1001,5052.580278429482,2388.0,46.63244374257364,2.1158208871145234,275680,2091570,129600.54691576958,71098
competition_with_rl,2a_Hurink_sdata_38_workers.fjs,3,1002,5200.555476293762,2456.0,50.32261408131508,2.1174900147775904,133960,977900,129600.66565322876,80866
competition_with_rl,2a_Hurink_sdata_38_workers.fjs,4,1003,5178.376109278451,2442.0,55.97882885931562,2.1205471372966627,433090,1778230,129601.09905958176,73158
competition_with_rl,2a_Hurink_sdata_38_workers.fjs,5,1004,5303.351440196419,2508.0,45.49806880945702,2.1145739394722565,403360,1158030,129601.26181006432,78627
competition_with_rl,2a_Hurink_sdata_38_workers.fjs,6,1005,4938.62935861928,2337.0,34.67327915419517,2.113234642113513,366420,1036500,129600.09958839417,80524
competition_with_rl,2a_Hurink_sdata_38_workers.fjs,7,1006,5116.420506552565,2407.0,65.22044879591716,2.1256420883060096,393380,1400750,129600.37261486053,76591
competition_with_rl,2a_Hurink_sdata_38_workers.fjs,8,1007,5269.853858169797,2496.0,43.32320520346869,2.1113196547154636,1086500,1480490,129600.34616827965,76339
competition_with_rl,2a_Hurink_sdata_38_workers.fjs,9,1008,5258.2715234314155,2484.0,66.45738343768961,2.1168564909144183,273920,1447600,129600.5775847435,76373
competition_with_rl,2a_Hurink_sdata_38_workers.fjs,10,1009,5326.750334170526,2512.0,69.4641461517587,2.1205216298449545,167610,1483300,129601.39413118362,76000
competition_with_rl,2a_Hurink_sdata_40_workers.fjs,1,1000,3597.5443758538167,1696.0,43.379918340532974,2.1211936178383355,427040,5000000,126541.20799350739,83017
competition_with_rl,2a_Hurink_sdata_40_workers.fjs,2,1001,3798.764492927852,1797.0,39.766135846941815,2.11394796490142,527410,5000000,127780.34538459778,84180
competition_with_rl,2a_Hurink_sdata_40_workers.fjs,3,1002,3769.517184399113,1788.0,44.27218817833207,2.1082310874715398,3304090,5000000,126370.40551042557,84774
competition_with_rl,2a_Hurink_sdata_40_workers.fjs,4,1003,3480.457455052999,1628.0,43.962060572549646,2.137873129639434,3579370,5000000,126578.85689282417,83898
competition_with_rl,2a_Hurink_sdata_40_workers.fjs,5,1004,3608.9746664709564,1700.0,28.47723545521595,2.1229262743946804,2973020,5000000,126729.82745742798,82799
competition_with_rl,2a_Hurink_sdata_40_workers.fjs,6,1005,3552.061676430874,1678.0,43.90049533545642,2.1168424770148233,3463650,5000000,125864.3247525692,84040
competition_with_rl,2a_Hurink_sdata_40_workers.fjs,7,1006,3783.2707926964877,1783.0,49.27511190863034,2.12185686634688,401450,5000000,125225.37919211388,81047
competition_with_rl,2a_Hurink_sdata_40_workers.fjs,8,1007,3621.303855129697,1716.0,41.97452826253946,2.1103169318937627,4488050,5000000,126560.0905225277,83387
competition_with_rl,2a_Hurink_sdata_40_workers.fjs,9,1008,3497.393203637797,1639.0,42.69902344151686,2.1338579643915785,2605220,4988440,129601.12755775452,82213
competition_with_rl,2a_Hurink_sdata_40_workers.fjs,10,1009,3745.0148817395016,1766.0,40.058593586005514,2.1206199783349384,1151390,4988010,129600.25225949287,83234
competition_with_rl,2a_Hurink_sdata_54_workers.fjs,1,1000,18792.797289504266,8915.0,277.32234682033976,2.1079974525523575,4759670,5000000,22832.6938560009,21692
competition_with_rl,2a_Hurink_sdata_54_workers.fjs,2,1001,18233.448239761954,8629.0,290.9251870424316,2.113043022338852,4563710,5000000,22332.605382442474,20898
competition_with_rl,2a_Hurink_sdata_54_workers.fjs,3,1002,19465.578237843583,9245.0,401.8336562842072,2.105524958122616,2447850,5000000,22876.75382590294,21880
competition_with_rl,2a_Hurink_sdata_54_workers.fjs,4,1003,19146.875425607363,8988.0,421.5064413522999,2.13027096413077,200710,5000000,22619.17506313324,21087
competition_with_rl,2a_Hurink_sdata_54_workers.fjs,5,1004,18738.85759153061,8864.0,275.7191743589146,2.114040793268345,3367490,5000000,22247.255947589874,20286
competition_with_rl,2a_Hurink_sdata_54_workers.fjs,6,1005,18571.74228065589,8862.0,237.76918696372528,2.0956603792209307,3275600,5000000,23320.232899665833,22786
competition_with_rl,2a_Hurink_sdata_54_workers.fjs,7,1006,19069.727978015,8961.0,604.2322133668772,2.1280803457220174,4797720,5000000,22512.31716799736,21224
competition_with_rl,2a_Hurink_sdata_54_workers.fjs,8,1007,17552.973834084616,8374.0,264.9716021083972,2.096127756637762,2803910,5000000,22564.875952482224,21568
competition_with_rl,2a_Hurink_sdata_54_workers.fjs,9,1008,17195.756386158413,8132.0,409.2818344644864,2.114578994854699,4727440,5000000,22478.419904470444,21886
competition_with_rl,2a_Hurink_sdata_54_workers.fjs,10,1009,17821.370876363013,8419.0,396.90357687791635,2.1168037624852136,1603630,5000000,22797.909324645996,22380
competition_with_rl,2a_Hurink_sdata_61_workers.fjs,1,1000,1981.0936744143594,938.0,25.024505354507816,2.1120401646208524,4181480,5000000,31014.08429121971,23799
competition_with_rl,2a_Hurink_sdata_61_workers.fjs,2,1001,2246.2947265808834,1069.0,38.48622168864367,2.101304702133661,4052850,5000000,34251.6490252018,29865
competition_with_rl,2a_Hurink_sdata_61_workers.fjs,3,1002,2105.7186114994524,999.0,30.243677554100685,2.1078264379373897,4765410,5000000,33689.10063672066,28476
competition_with_rl,2a_Hurink_sdata_61_workers.fjs,4,1003,2113.846697185596,999.0,30.153095391649707,2.1159626598454415,4918150,5000000,35540.658430576324,32681
competition_with_rl,2a_Hurink_sdata_61_workers.fjs,5,1004,1941.3087376360108,923.0,26.80734353490374,2.10325973741713,4852200,5000000,31355.80376148224,24298
competition_with_rl,2a_Hurink_sdata_61_workers.fjs,6,1005,1909.8787828923817,906.0,24.207925145828632,2.108033976702408,4016200,5000000,34426.43253135681,30208
competition_with_rl,2a_Hurink_sdata_61_workers.fjs,7,1006,2050.396697108887,971.0,45.52906832817749,2.1116340855910267,4016150,5000000,33247.140947818756,27452
competition_with_rl,2a_Hurink_sdata_61_workers.fjs,8,1007,2009.4506846470829,951.0,32.67617346632862,2.112987050102085,1795160,5000000,30771.241565704346,22675
competition_with_rl,2a_Hurink_sdata_61_workers.fjs,9,1008,2085.9954542292016,987.0,35.26743942927565,2.113470571660792,4889210,5000000,32984.294100522995,27388
competition_with_rl,2a_Hurink_sdata_61_workers.fjs,10,1009,2025.7484604404337,957.0,35.26916864742186,2.1167695511394293,4764120,5000000,34062.92921924591,27760
competition_with_rl,2a_Hurink_sdata_63_workers.fjs,1,1000,898.0291180452072,427.0,15.496460249054769,2.103112688630462,214340,5000000,33666.974989414215,28785
competition_with_rl,2a_Hurink_sdata_63_workers.fjs,2,1001,873.9166993210638,415.0,12.940307569971646,2.105823371857985,2984420,5000000,34812.889216184616,31332
competition_with_rl,2a_Hurink_sdata_63_workers.fjs,3,1002,857.0179710984756,404.0,10.613543442118832,2.1213316116298904,3772050,5000000,34857.929737091064,31421
competition_with_rl,2a_Hurink_sdata_63_workers.fjs,4,1003,871.7594157795254,414.0,11.487261751511463,2.105699071931221,3752070,5000000,34174.991726875305,29932
competition_with_rl,2a_Hurink_sdata_63_workers.fjs,5,1004,901.6007172220408,427.0,9.34324615891662,2.111477089512976,202520,5000000,33251.45570445061,27568
competition_with_rl,2a_Hurink_sdata_63_workers.fjs,6,1005,860.7112438533998,408.0,10.327457010247308,2.1095863819936267,4294470,5000000,35488.79540157318,33486
competition_with_rl,2a_Hurink_sdata_63_workers.fjs,7,1006,886.7327770930972,417.0,15.083871480399544,2.1264574990242138,4218130,5000000,32663.26394534111,26814
competition_with_rl,2a_Hurink_sdata_63_workers.fjs,8,1007,898.6707368455541,426.0,14.561110959191527,2.1095557202947277,1113850,5000000,33649.72993969917,28607
competition_with_rl,2a_Hurink_sdata_63_workers.fjs,9,1008,885.0691612556315,421.0,13.98586159662494,2.102302045737842,3213400,5000000,33476.88907814026,28562
competition_with_rl,2a_Hurink_sdata_63_workers.fjs,10,1009,891.1620699357776,418.0,16.873060234506067,2.131966674487506,4045350,5000000,33604.81531739235,28212
competition_with_rl,2b_Hurink_edata_1_workers.fjs,1,1000,109.77428326102103,52.0,2.581290175712223,2.111043908865789,4508040,5000000,13994.071347951889,17757
competition_with_rl,2b_Hurink_edata_1_workers.fjs,2,1001,107.91455041428793,51.0,2.7056757799889604,2.1159715767507437,3224010,5000000,13772.2067091465,17053
competition_with_rl,2b_Hurink_edata_1_workers.fjs,3,1002,113.65410711331012,54.0,2.3146975158454284,2.104705687283521,171210,5000000,13995.89487028122,18405
competition_with_rl,2b_Hurink_edata_1_workers.fjs,4,1003,107.40622334937879,51.0,2.1835978007016146,2.106004379399584,1892640,5000000,14022.26423239708,17863
competition_with_rl,2b_Hurink_edata_1_workers.fjs,5,1004,107.40707201812984,51.0,2.553600684482537,2.1060210199633302,3550040,5000000,13862.915794849396,16812
competition_with_rl,2b_Hurink_edata_1_workers.fjs,6,1005,107.47872220766784,51.0,1.5166686573662664,2.107425925640546,4971480,5000000,14133.715674877167,18446
competition_with_rl,2b_Hurink_edata_1_workers.fjs,7,1006,108.6446150261785,51.0,4.5935147965439125,2.130286569140755,3979460,5000000,13829.813736438751,16860
competition_with_rl,2b_Hurink_edata_1_workers.fjs,8,1007,107.85020551581842,51.0,2.4098489763267916,2.1147099120748707,3911070,5000000,13947.62178516388,17705
competition_with_rl,2b_Hurink_edata_1_workers.fjs,9,1008,107.27044458322234,51.0,2.318482987096139,2.1033420506514187,4425950,5000000,13710.641144514084,16328
competition_with_rl,2b_Hurink_edata_1_workers.fjs,10,1009,113.73027482655641,54.0,3.136474607336015,2.1061162004917855,1078360,5000000,13843.273300409317,16607
competition_with_rl,2b_Hurink_edata_6_workers.fjs,1,1000,1234.630033294042,588.0,16.900187129013776,2.099710940976262,3463590,5000000,18938.19241786003,24309
competition_with_rl,2b_Hurink_edata_6_workers.fjs,2,1001,1247.2883059567398,594.0,27.623268229824586,2.099811962890134,2851260,5000000,18003.01133942604,20761
competition_with_rl,2b_Hurink_edata_6_workers.fjs,3,1002,1241.6275192167525,589.0,21.118660076114264,2.108026348415539,3882360,5000000,18190.68550300598,21621
competition_with_rl,2b_Hurink_edata_6_workers.fjs,4,1003,1301.1375783003848,618.0,30.650210773888134,2.105400612136545,1694910,5000000,19964.45976471901,26404
competition_with_rl,2b_Hurink_edata_6_workers.fjs,5,1004,1243.0838054025387,590.0,18.488274122106162,2.1069217040720996,4328240,5000000,18149.963481903076,20904
competition_with_rl,2b_Hurink_edata_6_workers.fjs,6,1005,1224.1586303746417,582.0,24.08056814422143,2.103365344286326,2800190,5000000,18469.16420197487,23200
competition_with_rl,2b_Hurink_edata_6_workers.fjs,7,1006,1246.9264473008197,589.0,32.059303083686686,2.1170228307314427,4741930,5000000,18307.664595127106,21511
competition_with_rl,2b_Hurink_edata_6_workers.fjs,8,1007,1246.1889274372065,589.0,18.528658389045567,2.1157706747660554,3853280,5000000,18350.605147123337,22658
competition_with_rl,2b_Hurink_edata_6_workers.fjs,9,1008,1194.176439924295,562.0,35.21890191215606,2.1248691101855783,573480,5000000,18656.339842796326,22759
competition_with_rl,2b_Hurink_edata_6_workers.fjs,10,1009,1280.877745726996,600.0,32.97484339985029,2.1347962428783265,602810,5000000,18147.69067454338,21835
competition_with_rl,2c_Hurink_rdata_28_workers.fjs,1,1000,2209.961748124226,1033.0,43.83730033386974,2.1393627764997345,4629940,5000000,82474.79836201668,73251
competition_with_rl,2c_Hurink_rdata_28_workers.fjs,2,1001,2390.428451338128,1117.0,41.963446878079814,2.140043376309873,3777890,5000000,88552.97586941719,84837
competition_with_rl,2c_Hurink_rdata_28_workers.fjs,3,1002,2120.0821767877674,1000.0,28.426818383913265,2.1200821767877676,1327650,5000000,88016.98589158058,84217
competition_with_rl,2c_Hurink_rdata_28_workers.fjs,4,1003,2185.9040465453963,1017.0,44.65430913963823,2.1493648441940967,2882350,5000000,83681.64696669579,75680
competition_with_rl,2c_Hurink_rdata_28_workers.fjs,5,1004,2344.980750208867,1112.0,28.68146222354353,2.1087956386770386,210020,5000000,88014.3957657814,81887
competition_with_rl,2c_Hurink_rdata_28_workers.fjs,6,1005,2084.133763347997,980.0,21.215348746683496,2.1266671054571398,2289300,5000000,87092.09355640411,85000
competition_with_rl,2c_Hurink_rdata_28_workers.fjs,7,1006,2186.750100518053,1015.0,42.89632085361187,2.1544335965695103,331780,5000000,85287.60441446304,78409
competition_with_rl,2c_Hurink_rdata_28_workers.fjs,8,1007,2350.3695722627576,1106.0,42.06731487992187,2.125108112353307,509840,5000000,83656.31144475937,75417
competition_with_rl,2c_Hurink_rdata_28_workers.fjs,9,1008,2332.7111274362474,1095.0,43.2513265632649,2.1303297967454315,2348580,5000000,60868.84076714516,43968
competition_with_rl,2c_Hurink_rdata_28_workers.fjs,10,1009,2381.8172890337964,1120.0,37.82234298844333,2.126622579494461,973870,5000000,86618.03774237633,80580
competition_with_rl,2c_Hurink_rdata_38_workers.fjs,1,1000,4451.499701256308,2093.0,48.59284747395901,2.126851266725422,156550,1262460,129600.00215744972,77979
competition_with_rl,2c_Hurink_rdata_38_workers.fjs,2,1001,4306.225807585931,2027.0,52.75958721489918,2.1244330575164927,803200,1813900,129600.07943725586,72780
competition_with_rl,2c_Hurink_rdata_38_workers.fjs,3,1002,4456.888178037291,2095.0,49.39715357767406,2.127392925077466,1074020,1205760,129600.76420116425,78687
competition_with_rl,2c_Hurink_rdata_38_workers.fjs,4,1003,4537.478808576783,2138.0,47.778082269294146,2.1223006588291784,221650,1292010,129600.16657567024,77696
competition_with_rl,2c_Hurink_rdata_38_workers.fjs,5,1004,4652.260848467068,2198.0,44.04138123078026,2.1165881931151356,281450,1036680,129601.07824993134,81020
competition_with_rl,2c_Hurink_rdata_38_workers.fjs,6,1005,4488.9389977814435,2117.0,41.382741737845535,2.1204246564862745,719810,1137350,129600.36661505699,79967
competition_with_rl,2c_Hurink_rdata_38_workers.fjs,7,1006,4777.227078440162,2240.0,61.570377924760386,2.1326906600179294,221290,1069120,129600.29990887642,79884
competition_with_rl,2c_Hurink_rdata_38_workers.fjs,8,1007,4564.6332485991625,2152.0,47.559900794800754,2.1211121043676404,1449530,1965880,129600.11130523682,71916
competition_with_rl,2c_Hurink_rdata_38_workers.fjs,9,1008,4630.810724729334,2183.0,51.28319834664247,2.121305874818751,227100,2258470,129601.28895545006,69554
competition_with_rl,2c_Hurink_rdata_38_workers.fjs,10,1009,4805.46062639025,2271.0,48.89406844307494,2.1160108438530383,1014170,1041030,129601.16455459595,80528
competition_with_rl,2c_Hurink_rdata_50_workers.fjs,1,1000,12961.07190230921,6106.0,257.03118472785036,2.122678005618934,3595460,5000000,19846.762125968933,25722
competition_with_rl,2c_Hurink_rdata_50_workers.fjs,2,1001,12929.262958912886,6111.0,340.5258665630345,2.115736043022891,3002170,5000000,20796.041125774384,28837
competition_with_rl,2c_Hurink_rdata_50_workers.fjs,3,1002,12925.785109715056,6082.0,252.39469792953835,2.1252524021234884,3320670,5000000,19673.45938014984,25678
competition_with_rl,2c_Hurink_rdata_50_workers.fjs,4,1003,12795.010322762759,6063.0,319.34724260658317,2.110343117724354,4269780,5000000,19897.715156793594,25792
competition_with_rl,2c_Hurink_rdata_50_workers.fjs,5,1004,12880.754702323507,6079.0,217.7310198991151,2.118893683553793,3383160,5000000,19343.706677913666,24826
competition_with_rl,2c_Hurink_rdata_50_workers.fjs,6,1005,13059.684667247242,6198.0,203.9895852491199,2.1070804561547662,3327700,5000000,20073.334055423737,26683
competition_with_rl,2c_Hurink_rdata_50_workers.fjs,7,1006,13480.220455704319,6390.0,362.796705881362,2.1095806659944163,3812650,5000000,18815.065483808517,23262
competition_with_rl,2c_Hurink_rdata_50_workers.fjs,8,1007,12958.81639090099,6178.0,147.3617534249681,2.0975746828910635,357720,5000000,18386.985159158707,21804
competition_with_rl,2c_Hurink_rdata_50_workers.fjs,9,1008,13530.77257706066,6328.0,331.4364764915805,2.1382383971334797,4615760,5000000,18730.705493450165,23039
competition_with_rl,2c_Hurink_rdata_50_workers.fjs,10,1009,12956.36162972109,6071.0,284.58683392046873,2.1341396194566116,4044290,5000000,18889.43104147911,23735
competition_with_rl,2d_Hurink_vdata_18_workers.fjs,1,1000,2418.1756430014902,1135.0,36.29517468454859,2.1305512273140885,3293600,5000000,65813.97136998177,84346
competition_with_rl,2d_Hurink_vdata_18_workers.fjs,2,1001,2420.492511160825,1136.0,42.06682044318134,2.1307152386979094,394280,5000000,45320.29407167435,46395
competition_with_rl,2d_Hurink_vdata_18_workers.fjs,3,1002,2394.686253535108,1127.0,29.481134077447255,2.124832523101249,3060090,5000000,65122.825941085815,84040
competition_with_rl,2d_Hurink_vdata_18_workers.fjs,4,1003,2410.1793799623224,1138.0,36.862294364242494,2.1179080667507226,3554260,5000000,62356.52373409271,76774
competition_with_rl,2d_Hurink_vdata_18_workers.fjs,5,1004,2578.974314719558,1218.0,44.34057760774636,2.1173844948436438,105580,5000000,61471.64827442169,74254
competition_with_rl,2d_Hurink_vdata_18_workers.fjs,6,1005,2433.9952731495264,1152.0,25.250681949143726,2.1128431190534083,243630,5000000,64949.32467699051,84201
competition_with_rl,2d_Hurink_vdata_18_workers.fjs,7,1006,2599.92355459116,1215.0,56.98688791297977,2.139854777441284,1555310,5000000,64252.27007699013,85247
competition_with_rl,2d_Hurink_vdata_18_workers.fjs,8,1007,2506.1951039570954,1182.0,29.686072347749185,2.1203004263596408,4725140,5000000,48570.28662824631,53503
competition_with_rl,2d_Hurink_vdata_18_workers.fjs,9,1008,2475.5350566381057,1165.0,29.47249238107839,2.1249227953975156,1389370,5000000,47953.25223827362,52383
competition_with_rl,2d_Hurink_vdata_18_workers.fjs,10,1009,2399.8013865180674,1120.0,41.68935262774962,2.1426798093911317,205800,5000000,64389.33714842796,81223
competition_with_rl,2d_Hurink_vdata_30_workers.fjs,1,1000,3082.1864437034797,1450.0,35.68416977924518,2.125645823243779,204820,5000000,110047.60712838173,84248
competition_with_rl,2d_Hurink_vdata_30_workers.fjs,2,1001,2958.3008173943253,1385.0,46.640186342262574,2.135957268876769,4636580,5000000,110549.48430156708,83560
competition_with_rl,2d_Hurink_vdata_30_workers.fjs,3,1002,2955.1615012029674,1384.0,39.92909774356809,2.1352322985570575,4104430,5000000,110838.19657969475,84402
competition_with_rl,2d_Hurink_vdata_30_workers.fjs,4,1003,3010.72089472065,1416.0,37.681946103809786,2.1262153211304025,393440,5000000,107985.09614992142,81529
competition_with_rl,2d_Hurink_vdata_30_workers.fjs,5,1004,2792.9117974584046,1318.0,31.650617617960098,2.119052957100459,4671300,5000000,110014.62541460991,79203
competition_with_rl,2d_Hurink_vdata_30_workers.fjs,6,1005,2765.892654106083,1302.0,29.081421642712513,2.1243415162105093,380690,5000000,108916.2638399601,82020
competition_with_rl,2d_Hurink_vdata_30_workers.fjs,7,1006,3282.2015158172367,1535.0,57.39560404349272,2.138242029848363,519470,5000000,111441.64670085907,83964
competition_with_rl,2d_Hurink_vdata_30_workers.fjs,8,1007,2902.7431876906594,1355.0,38.6195364160386,2.1422458949746566,594660,5000000,111268.0716085434,84497
competition_with_rl,2d_Hurink_vdata_30_workers.fjs,9,1008,2914.3678128532083,1363.0,42.55436195166503,2.1382008898409453,724270,5000000,112125.8936727047,84410
competition_with_rl,2d_Hurink_vdata_30_workers.fjs,10,1009,3145.2328051679215,1462.0,48.57176077627173,2.151322028158633,260020,5000000,109238.39102983475,83340
competition_with_rl,2d_Hurink_vdata_5_workers.fjs,1,1000,1134.6032560993576,529.0,31.083883550145554,2.144807667484608,559740,5000000,19570.29923939705,27643
competition_with_rl,2d_Hurink_vdata_5_workers.fjs,2,1001,1189.4436253963747,559.0,30.47994957448479,2.1278061277216005,1005970,5000000,18246.155436515808,24140
competition_with_rl,2d_Hurink_vdata_5_workers.fjs,3,1002,1203.7314019358428,568.0,21.81913727258127,2.1192454259433853,2435190,5000000,17675.192691087723,22710
competition_with_rl,2d_Hurink_vdata_5_workers.fjs,4,1003,1173.6977887635348,554.0,26.195980234977814,2.118588066360171,1626090,5000000,19547.607940673828,28711
competition_with_rl,2d_Hurink_vdata_5_workers.fjs,5,1004,1188.5020984971102,564.0,26.639063981889663,2.1072732242856564,3269500,5000000,17774.97993850708,22869
competition_with_rl,2d_Hurink_vdata_5_workers.fjs,6,1005,1152.900372733306,546.0,19.37457313853481,2.1115391442001945,3296690,5000000,17771.442432641983,22901
competition_with_rl,2d_Hurink_vdata_5_workers.fjs,7,1006,1191.0282553989528,557.0,34.73969847471439,2.1382913023320516,636010,5000000,17187.802347660065,20185
competition_with_rl,2d_Hurink_vdata_5_workers.fjs,8,1007,1174.4286769949665,552.0,17.533826338410062,2.1275881829618957,4707630,5000000,17740.74277305603,21792
competition_with_rl,2d_Hurink_vdata_5_workers.fjs,9,1008,1280.692512006833,606.0,26.900878441357715,2.1133539802092955,4673980,5000000,18262.5035905838,24103
competition_with_rl,2d_Hurink_vdata_5_workers.fjs,10,1009,1165.4262047977913,552.0,31.47584049285164,2.111279356517738,3222530,5000000,17962.123210430145,22839
competition_with_rl,3_DPpaulli_15_workers.fjs,1,1000,7071.149679548306,3334.0,63.208670322767226,2.120920719720548,180510,969340,129600.20545482635,56926
competition_with_rl,3_DPpaulli_15_workers.fjs,2,1001,6605.398525233005,3096.0,63.53777463462486,2.133526655437017,265670,943780,129601.42987823486,57146
competition_with_rl,3_DPpaulli_15_workers.fjs,3,1002,6740.533090143659,3163.0,66.20862480421411,2.1310569364981533,212950,744430,129601.01142525673,59487
competition_with_rl,3_DPpaulli_15_workers.fjs,4,1003,6131.088127054871,2881.0,62.914648558770324,2.128111116645217,671810,878130,129600.31173419952,57911
competition_with_rl,3_DPpaulli_15_workers.fjs,5,1004,6177.637102781536,2920.0,44.87335486780203,2.115629144788197,429780,1046590,129600.00354218483,56339
competition_with_rl,3_DPpaulli_15_workers.fjs,6,1005,6470.120654609739,3066.0,44.96199265358891,2.1102807092660596,452100,876070,129600.44346618652,57792
competition_with_rl,3_DPpaulli_15_workers.fjs,7,1006,6358.730765297139,2967.0,78.01073568012912,2.143151589247435,318810,907900,129600.48115706444,57878
competition_with_rl,3_DPpaulli_15_workers.fjs,8,1007,6327.687135259812,2983.0,53.0297272021479,2.1212494586858237,968170,2160000,129600.66571831703,45181
competition_with_rl,3_DPpaulli_15_workers.fjs,9,1008,6468.914150329436,3044.0,58.98538680837692,2.1251360546417333,1043070,2516040,129600.40135002136,42126
competition_with_rl,3_DPpaulli_15_workers.fjs,10,1009,6938.555227073657,3255.0,68.07795491824783,2.1316605920349176,133050,1021160,129600.09615659714,56257
competition_with_rl,3_DPpaulli_18_workers.fjs,1,1000,6617.800105410341,3129.0,54.93644088815657,2.1149888480058614,253710,939700,129600.73057842255,57583
competition_with_rl,3_DPpaulli_18_workers.fjs,2,1001,6328.449197612533,2986.0,69.07036183996343,2.1193734754228175,221290,1203910,129600.33628702164,54223
competition_with_rl,3_DPpaulli_18_workers.fjs,3,1002,6785.7818910496535,3203.0,46.462568000399074,2.118570680939636,155130,839160,129600.08229374886,57640
competition_with_rl,3_DPpaulli_18_workers.fjs,4,1003,6438.154067880295,3032.0,53.63163599133483,2.123401737427538,536850,1348270,129600.3261051178,52747
competition_with_rl,3_DPpaulli_18_workers.fjs,5,1004,6091.025474522065,2871.0,38.09675106997188,2.1215693049536974,451260,1095620,129600.05267739296,55340
competition_with_rl,3_DPpaulli_18_workers.fjs,6,1005,6675.526362993067,3161.0,45.7293380497911,2.1118400389095435,248260,922200,129600.03479099274,57260
competition_with_rl,3_DPpaulli_18_workers.fjs,7,1006,6851.712072567369,3218.0,79.42486835055008,2.1291833662421906,375000,1048950,129600.12191390991,55160
competition_with_rl,3_DPpaulli_18_workers.fjs,8,1007,6750.993138050347,3190.0,43.42247350261943,2.1162987893574754,422690,1002400,129601.51103138924,56441
competition_with_rl,3_DPpaulli_18_workers.fjs,9,1008,6940.911071932851,3279.0,67.05205151537531,2.116776783145121,244360,1553850,129600.26148295403,51124
competition_with_rl,3_DPpaulli_18_workers.fjs,10,1009,6854.322954476169,3214.0,65.28967785462855,2.132645598779144,245820,758040,129600.88051176071,59017
competition_with_rl,3_DPpaulli_1_workers.fjs,1,1000,6246.81112940712,2970.0,54.78898042947064,2.103303410574788,1939480,5000000,120617.12249779701,84780
competition_with_rl,3_DPpaulli_1_workers.fjs,2,1001,6685.368336182508,3164.0,58.20301701561944,2.112948273129743,3723160,5000000,119798.81445598602,84527
competition_with_rl,3_DPpaulli_1_workers.fjs,3,1002,6583.347713530289,3129.0,64.82578858167054,2.1039781762640746,1379330,5000000,119441.39702320099,84607
competition_with_rl,3_DPpaulli_1_workers.fjs,4,1003,6600.133280961063,3125.0,65.50692959718396,2.11204264990754,902310,5000000,121076.7025873661,84883
competition_with_rl,3_DPpaulli_1_workers.fjs,5,1004,6244.349152325946,2964.0,46.92514014850316,2.1067304832408724,1678860,5000000,120530.7637784481,83673
competition_with_rl,3_DPpaulli_1_workers.fjs,6,1005,6462.785216752894,3081.0,45.24208809679394,2.097625841205094,2254050,5000000,118944.99225735664,85000
competition_with_rl,3_DPpaulli_1_workers.fjs,7,1006,6486.558670758354,3050.0,90.11474013258272,2.126740547789624,530580,5000000,120310.57962822914,83979
competition_with_rl,3_DPpaulli_1_workers.fjs,8,1007,6612.539613756144,3137.0,43.26571268955289,2.107918270244228,211400,5000000,122234.93666505814,83491
competition_with_rl,3_DPpaulli_1_workers.fjs,9,1008,6236.219700281505,2949.0,58.52826953392952,2.1146896236966786,4841320,5000000,123895.33699607849,84084
competition_with_rl,3_DPpaulli_1_workers.fjs,10,1009,6513.507876359187,3092.0,61.06596546444837,2.106567877218366,2831440,5000000,118789.55590033531,85544
competition_with_rl,3_DPpaulli_9_workers.fjs,1,1000,5537.910891240624,2613.0,51.9376047659065,2.1193688829853135,3274020,3616450,129600.52279472351,59483
competition_with_rl,3_DPpaulli_9_workers.fjs,2,1001,6102.901593212024,2871.0,55.61861389079944,2.1257058840863894,414020,3566650,129600.37521409988,59480
competition_with_rl,3_DPpaulli_9_workers.fjs,3,1002,5890.653535741229,2772.0,62.71923102322497,2.125055388074036,1605570,3445650,129601.00747418404,60884
competition_with_rl,3_DPpaulli_9_workers.fjs,4,1003,5705.41408457184,2672.0,57.74608495757997,2.13525976219006,2667920,3404520,129601.43786859512,61679
competition_with_rl,3_DPpaulli_9_workers.fjs,5,1004,5337.676427123559,2520.0,49.911783028038776,2.1181255663188727,1649740,3699610,129601.391020298,59004
competition_with_rl,3_DPpaulli_9_workers.fjs,6,1005,5157.822093936045,2436.0,34.952046620964225,2.117332550876866,538720,3400850,129600.8839931488,61549
competition_with_rl,3_DPpaulli_9_workers.fjs,7,1006,6043.0204222257335,2840.0,79.97028289511383,2.1278240923330047,241440,3546630,129600.24413967133,60415
competition_with_rl,3_DPpaulli_9_workers.fjs,8,1007,5521.760954128949,2611.0,32.090031399213025,2.114806952940999,693240,3691900,129601.33903980255,58605
competition_with_rl,3_DPpaulli_9_workers.fjs,9,1008,5927.963988059641,2783.0,74.1151775377372,2.1300625181673163,1627270,3622170,129600.36412119865,59163
competition_with_rl,3_DPpaulli_9_workers.fjs,10,1009,5758.831584014574,2720.0,57.4633328026218,2.1172174941230053,666870,3616850,129601.49382686615,59478
competition_with_rl,4_ChambersBarnes_10_workers.fjs,1,1000,2283.3806035510297,1076.0,38.94540927652067,2.122100932668243,3369050,5000000,66497.10650587082,51341
competition_with_rl,4_ChambersBarnes_10_workers.fjs,2,1001,2259.44231344227,1065.0,29.141175952149723,2.1215420783495493,4534300,5000000,64592.07625246048,48370
competition_with_rl,4_ChambersBarnes_10_workers.fjs,3,1002,2290.1259454849605,1082.0,34.679181537514054,2.11656741726891,2061760,5000000,68253.23959302902,54897
competition_with_rl,4_ChambersBarnes_10_workers.fjs,4,1003,2270.3523129219766,1065.0,40.459696869497776,2.13178620931641,148770,5000000,85339.3491036892,77357
competition_with_rl,4_ChambersBarnes_10_workers.fjs,5,1004,2069.303764543621,965.0,39.729317255581854,2.14435623268769,3319140,5000000,63808.82527804375,46741
competition_with_rl,4_ChambersBarnes_10_workers.fjs,6,1005,2297.7665584682177,1085.0,27.980285210647352,2.117757196744901,595620,5000000,66000.55599164963,52215
competition_with_rl,4_ChambersBarnes_10_workers.fjs,7,1006,2284.8784212896553,1075.0,35.30879095930334,2.125468298874098,214820,5000000,59565.195004463196,40189
competition_with_rl,4_ChambersBarnes_10_workers.fjs,8,1007,2120.472085622717,996.0,28.797511663011985,2.128988037773812,983000,5000000,83831.21601462364,74400
competition_with_rl,4_ChambersBarnes_10_workers.fjs,9,1008,2185.478772186206,1022.0,38.75022625104425,2.1384332408866986,348860,5000000,60634.71210837364,42947
competition_with_rl,4_ChambersBarnes_10_workers.fjs,10,1009,2366.234270578108,1113.0,41.557050121033654,2.1259966492166287,274580,5000000,63817.45041322708,47478
competition_with_rl,5_Kacem_3_workers.fjs,1,1000,15.22857187741361,7.0,0.4999438558978321,2.1755102682019443,1133540,5000000,11935.142491340637,16722
competition_with_rl,5_Kacem_3_workers.fjs,2,1001,16.75256737879491,8.0,0.9714027824598996,2.094070922349364,2044510,5000000,11953.253955125809,16805
competition_with_rl,5_Kacem_3_workers.fjs,3,1002,15.103853367521666,7.0,0.8660980014155699,2.157693338217381,795900,5000000,11970.273126125336,16736
competition_with_rl,5_Kacem_3_workers.fjs,4,1003,15.383016317762818,7.0,0.5088974619350617,2.197573759680403,3063120,5000000,11957.6923995018,16750
competition_with_rl,5_Kacem_3_workers.fjs,5,1004,16.88672674727277,8.0,0.45380397555311164,2.1108408434090964,2763630,5000000,11935.365436077118,16568
competition_with_rl,5_Kacem_3_workers.fjs,6,1005,15.08126745446751,7.0,0.34479260358783337,2.154466779209644,4636520,5000000,11920.57630777359,16760
competition_with_rl,5_Kacem_3_workers.fjs,7,1006,17.01855908109849,8.0,0.8934835294351892,2.1273198851373114,2359790,5000000,11931.301088809967,16774
competition_with_rl,5_Kacem_3_workers.fjs,8,1007,17.170532474272513,8.0,0.6985700495123475,2.146316559284064,4875410,5000000,11996.884518146515,16679
competition_with_rl,5_Kacem_3_workers.fjs,9,1008,17.160824725772578,8.0,0.4604097305400381,2.1451030907215722,4469090,5000000,12058.14944601059,16690
competition_with_rl,5_Kacem_3_workers.fjs,10,1009,15.272736190647944,7.0,0.4922507088374207,2.181819455806849,4879250,5000000,11934.35744214058,16402
competition_with_rl,5_Kacem_4_workers.fjs,1,1000,34.282364264443764,16.0,0.8327495893279574,2.1426477665277353,4744900,5000000,19746.24082183838,21153
competition_with_rl,5_Kacem_4_workers.fjs,2,1001,32.553461396335685,15.0,0.8388386390136112,2.1702307597557122,3295790,5000000,20965.064465761185,24154
competition_with_rl,5_Kacem_4_workers.fjs,3,1002,31.99977659373218,15.0,0.71946911405951,2.1333184395821454,3835660,5000000,20926.70357656479,24147
competition_with_rl,5_Kacem_4_workers.fjs,4,1003,35.407497400289834,16.0,1.419930758085113,2.2129685875181146,1860220,5000000,20115.46984386444,21916
competition_with_rl,5_Kacem_4_workers.fjs,5,1004,30.02610676861278,14.0,0.5770941791331035,2.14472191204377,2444820,5000000,19868.29162955284,21500
competition_with_rl,5_Kacem_4_workers.fjs,6,1005,30.651326081503637,14.0,0.8852364801784439,2.189380434393117,4816450,5000000,21892.148577928543,27130
competition_with_rl,5_Kacem_4_workers.fjs,7,1006,34.5298258939789,16.0,1.055115341292707,2.1581141183736814,4693010,5000000,21015.98135495186,24337
competition_with_rl,5_Kacem_4_workers.fjs,8,1007,38.82533335496634,18.0,2.030005409626301,2.1569629641647965,4949270,5000000,19743.46707034111,21196
competition_with_rl,5_Kacem_4_workers.fjs,9,1008,32.98303352357773,15.0,0.9656856172938192,2.1988689015718488,4704700,5000000,20135.776374578476,22426
competition_with_rl,5_Kacem_4_workers.fjs,10,1009,34.07748095808416,16.0,1.0016569689859098,2.12984255988026,3521990,5000000,21660.188407421112,26827
competition_with_rl,6_Fattahi_14_workers.fjs,1,1000,1224.3031915016913,580.0,37.32605372658259,2.1108675715546403,3289290,5000000,10137.288804769516,16247
competition_with_rl,6_Fattahi_14_workers.fjs,2,1001,1199.066532230824,565.0,34.12615743259786,2.12224164996606,4541910,5000000,10124.047385692596,16232
competition_with_rl,6_Fattahi_14_workers.fjs,3,1002,1306.8140868882053,619.0,40.45811680141806,2.111169768801624,979410,5000000,10084.963770151138,16268
competition_with_rl,6_Fattahi_14_workers.fjs,4,1003,1192.8250005362602,558.0,57.133016920374665,2.137679212430574,2068810,5000000,10172.113853931427,16538
competition_with_rl,6_Fattahi_14_workers.fjs,5,1004,1210.4608392204348,569.0,40.967769396014596,2.127347696345228,3881260,5000000,10105.438241481781,16438
competition_with_rl,6_Fattahi_14_workers.fjs,6,1005,1198.546403256536,565.0,31.172887264201304,2.1213210677106833,2037930,5000000,10150.102371454239,16292
competition_with_rl,6_Fattahi_14_workers.fjs,7,1006,1303.224834526902,607.0,47.34869284162915,2.1469931376060987,4523640,5000000,10069.351226091385,16368
competition_with_rl,6_Fattahi_14_workers.fjs,8,1007,1208.9528110548713,575.0,28.10991302487991,2.1025266279215153,748260,5000000,10098.544055700302,16368
competition_with_rl,6_Fattahi_14_workers.fjs,9,1008,1307.873449402971,621.0,39.70585246151367,2.106076408056314,469670,5000000,10191.56956911087,16239
competition_with_rl,6_Fattahi_14_workers.fjs,10,1009,1208.7109246666055,577.0,31.642256036966003,2.094819626805209,3786040,5000000,10134.306303739548,16260
competition_with_rl,6_Fattahi_20_workers.fjs,1,1000,2857.2983608031323,1333.0,62.8936535982603,2.1435096480143527,2160250,5000000,17453.163020133972,22409
competition_with_rl,6_Fattahi_20_workers.fjs,2,1001,2928.132869036201,1386.0,63.4055307297373,2.1126499776595966,992140,5000000,16778.458275794983,19498
competition_with_rl,6_Fattahi_20_workers.fjs,3,1002,2925.992270494938,1368.0,68.26645057831553,2.1388832386658905,2993890,5000000,16635.866152524948,19460
competition_with_rl,6_Fattahi_20_workers.fjs,4,1003,2712.208453955111,1271.0,70.89606284467718,2.133916958265233,3007250,5000000,17411.894567728043,21972
competition_with_rl,6_Fattahi_20_workers.fjs,5,1004,2694.134796979724,1278.0,60.82640653828205,2.108086695602288,2205220,5000000,17174.31985282898,20958
competition_with_rl,6_Fattahi_20_workers.fjs,6,1005,2778.7173880793807,1310.0,51.07390417616034,2.121158311510978,3713740,5000000,17123.157236099243,20815
competition_with_rl,6_Fattahi_20_workers.fjs,7,1006,2818.74994424771,1318.0,109.3014015994749,2.138657013845,3057970,5000000,17494.991758584976,21607
competition_with_rl,6_Fattahi_20_workers.fjs,8,1007,2768.0743855469955,1303.0,48.69708645111561,2.124385560665384,3862840,5000000,16494.275156736374,19028
competition_with_rl,6_Fattahi_20_workers.fjs,9,1008,2846.1840689616783,1362.0,73.08047190873056,2.0897093017339783,4438140,5000000,16646.88159584999,19348
competition_with_rl,6_Fattahi_20_workers.fjs,10,1009,3085.3660550490035,1457.0,77.97955099301954,2.1176156863754314,4204040,5000000,17354.63528227806,20953
