Instance;Run;Seed;Fitness;DeterministicMakespan;FinalRobustStdev;FinalR;FunctionEvaluations;RawFunctionEvaluations;RuntimeSeconds;Generations
0_BehnkeGeiger_42_workers.fjs;1;1000;182.32603118169484;86.0;4.259534550120882;2.1200701300197076;3554140;5000000;40353.459240198135;16240
0_BehnkeGeiger_42_workers.fjs;2;1001;192.20967476796582;90.0;5.701798456675652;2.135663052977398;3916640;5000000;39454.22923588753;16253
0_BehnkeGeiger_42_workers.fjs;3;1002;204.96485423843953;97.0;4.762912306025753;2.1130397344169025;1970750;5000000;41062.35480451584;16235
0_BehnkeGeiger_42_workers.fjs;4;1003;196.07566020251252;91.0;7.419882541891592;2.154677584642995;4656070;5000000;40743.48003578186;16276
0_BehnkeGeiger_42_workers.fjs;5;1004;189.42607700053188;89.0;4.836252479084472;2.1283828876464255;4904730;5000000;40925.809661626816;16241
0_BehnkeGeiger_42_workers.fjs;6;1005;187.6711446628449;90.0;4.728178678662073;2.085234940698277;2124660;5000000;40520.886122465134;16258
0_BehnkeGeiger_42_workers.fjs;7;1006;182.73321683039796;86.0;4.042910151810111;2.1248048468650924;1480330;5000000;41268.06374311447;16235
0_BehnkeGeiger_42_workers.fjs;8;1007;189.98349558297272;90.0;4.981559017116015;2.110927728699697;3323650;5000000;41226.092609882355;16249
0_BehnkeGeiger_42_workers.fjs;9;1008;180.9034876785695;85.0;4.208989592688574;2.1282763256302295;2005700;5000000;40491.900393247604;16246
0_BehnkeGeiger_42_workers.fjs;10;1009;193.85237874907332;92.0;4.529639885553464;2.1070910733594927;3523340;5000000;39578.734409570694;16249
0_BehnkeGeiger_46_workers.fjs;1;1000;260.81704769676065;122.0;3.633622383857982;2.1378446532521367;4989790;5000000;66820.40890240669;18637
0_BehnkeGeiger_46_workers.fjs;2;1001;280.6325424526168;133.0;4.675639115143905;2.1100191161850885;4978780;5000000;68915.47942996025;17230
0_BehnkeGeiger_46_workers.fjs;3;1002;307.0732532231711;144.0;5.890839240422725;2.1324531473831327;3269620;5000000;70568.65993881226;19992
0_BehnkeGeiger_46_workers.fjs;4;1003;311.1444650505168;145.0;7.559037247090497;2.145823896900116;4205320;5000000;67478.27648305893;17245
0_BehnkeGeiger_46_workers.fjs;5;1004;288.5117629205803;136.0;5.782197523591433;2.121410021474855;4663510;5000000;68403.58681964874;18310
0_BehnkeGeiger_46_workers.fjs;6;1005;282.46775787837066;132.0;5.098992862417091;2.139907256654323;3242300;5000000;68206.99113607407;17927
0_BehnkeGeiger_46_workers.fjs;7;1006;297.88913684058264;140.0;5.20456680971699;2.1277795488613047;4631970;5000000;67214.89495611191;17081
0_BehnkeGeiger_46_workers.fjs;8;1007;285.8039762215631;135.0;4.0820683439694685;2.1170664905300973;4811780;5000000;68710.37317276001;18033
0_BehnkeGeiger_46_workers.fjs;9;1008;299.1987537418759;141.0;5.516422472323872;2.121976976892737;3553710;5000000;67813.50813603401;17472
0_BehnkeGeiger_46_workers.fjs;10;1009;272.2452274879661;129.0;3.5513798792219817;2.1104281200617527;4320950;5000000;68335.07747864723;17663
0_BehnkeGeiger_60_workers.fjs;1;1000;1877.6650619151085;895.0;14.237085803456992;2.097949789849283;360780;382990;129600.46100234985;46576
0_BehnkeGeiger_60_workers.fjs;2;1001;1846.1874809144913;880.0;18.944304501918538;2.0979403192210127;148550;294690;129600.08327293396;48380
0_BehnkeGeiger_60_workers.fjs;3;1002;1777.915957214726;843.0;16.342404270389114;2.1090343501954045;254730;289300;129602.0028192997;47586
0_BehnkeGeiger_60_workers.fjs;4;1003;1891.5266496423915;903.0;19.71641795865687;2.094713897721364;207510;305270;129600.24376869202;47461
0_BehnkeGeiger_60_workers.fjs;5;1004;1904.4715277075315;907.0;15.18459198104723;2.0997481011108396;314300;335570;129601.01822566986;47854
0_BehnkeGeiger_60_workers.fjs;6;1005;1729.403653885689;821.0;14.144454980087989;2.1064599925526055;295870;602920;129601.58210611343;43938
0_BehnkeGeiger_60_workers.fjs;7;1006;1974.0734443708805;936.0;19.060141576502087;2.1090528251825646;82440;427660;129601.7539639473;45936
0_BehnkeGeiger_60_workers.fjs;8;1007;1745.4879503179639;826.0;19.479800887787906;2.1131815379152106;271280;294120;129602.08835887909;47536
0_BehnkeGeiger_60_workers.fjs;9;1008;1981.403528922818;941.0;19.56850408813256;2.1056360562410394;26280;212700;129600.62251996994;49560
0_BehnkeGeiger_60_workers.fjs;10;1009;1870.830600948678;890.0;17.190271612125063;2.102056854998515;244340;271690;129601.5139362812;48183
1_Brandimarte_12_workers.fjs;1;1000;1208.9983843196258;572.0;11.326220873601281;2.113633539020325;1249080;5000000;111502.09688210487;87284
1_Brandimarte_12_workers.fjs;2;1001;1201.8936328177522;568.0;13.205964890141393;2.1160099169326623;3468920;5000000;110766.85330796242;83867
1_Brandimarte_12_workers.fjs;3;1002;1218.5435485740002;578.0;10.92154204000438;2.108206831442907;154280;5000000;109823.19458913803;85045
1_Brandimarte_12_workers.fjs;4;1003;1164.0769537376348;549.0;13.014943263337225;2.120358749977477;515770;5000000;109517.87899422646;85254
1_Brandimarte_12_workers.fjs;5;1004;1119.1444957936749;531.0;9.466419553074799;2.107616752907109;841710;5000000;108177.7175283432;82875
1_Brandimarte_12_workers.fjs;6;1005;1087.246608072505;515.0;10.219807295910865;2.111158462276709;185510;5000000;110209.94201159477;83906
1_Brandimarte_12_workers.fjs;7;1006;1198.610503525013;566.0;16.041089573013494;2.1176864019876556;4031840;5000000;107950.30860352516;82833
1_Brandimarte_12_workers.fjs;8;1007;1117.7585464890092;529.0;12.817104231934643;2.112965116236312;658610;5000000;109365.16341018677;82388
1_Brandimarte_12_workers.fjs;9;1008;1148.0312556718964;543.0;13.1218876075244;2.1142380399114113;274260;5000000;110202.7665245533;83156
1_Brandimarte_12_workers.fjs;10;1009;1133.7329559654333;536.0;12.423078005470593;2.1151734253086443;300620;5000000;110040.76585769653;82781
1_Brandimarte_14_workers.fjs;1;1000;1416.1290876768676;672.0;12.207474647229516;2.107334951900101;2237800;4061130;129600.81408691406;66185
1_Brandimarte_14_workers.fjs;2;1001;1467.4541509430112;693.0;14.090049601424546;2.1175384573492226;133230;4021440;129600.5106561184;67837
1_Brandimarte_14_workers.fjs;3;1002;1434.4502018210371;681.0;14.416740442440135;2.1063879615580574;293870;3880260;129600.08019709587;69193
1_Brandimarte_14_workers.fjs;4;1003;1516.0663762110094;716.0;16.536665744292655;2.1174111399595104;236610;3355480;129600.8329911232;73506
1_Brandimarte_14_workers.fjs;5;1004;1511.681437335988;717.0;13.673341550971516;2.1083423114867337;2313380;4000940;129600.68337607384;68496
1_Brandimarte_14_workers.fjs;6;1005;1729.6049913077538;824.0;13.886564564282716;2.0990351836259147;2470250;3631460;129601.32494091988;71457
1_Brandimarte_14_workers.fjs;7;1006;1490.9282140637342;705.0;15.557528716256611;2.1147917929982047;453520;3810880;129600.66761445999;69871
1_Brandimarte_14_workers.fjs;8;1007;1569.1613963996588;746.0;12.59161716462308;2.1034335072381487;167500;3802870;129601.57119011879;69616
1_Brandimarte_14_workers.fjs;9;1008;1493.7490008553964;708.0;18.132665997723933;2.1098149729595996;609310;4079770;129600.64452886581;66594
1_Brandimarte_14_workers.fjs;10;1009;1458.6020307609622;691.0;15.133673256419259;2.110856773894301;478610;4015720;129600.34415626526;67627
1_Brandimarte_7_workers.fjs;1;1000;375.4228054883477;176.0;5.708549348962363;2.133084122092885;178180;5000000;115955.57804226875;76880
1_Brandimarte_7_workers.fjs;2;1001;392.8519268272734;186.0;6.4418752356685305;2.112107133479965;4740530;5000000;111299.2581205368;76204
1_Brandimarte_7_workers.fjs;3;1002;387.3510724386065;183.0;6.338306556971163;2.1166725269869207;3092820;5000000;120094.4564230442;84178
1_Brandimarte_7_workers.fjs;4;1003;368.2743015551689;173.0;8.035189531897572;2.128753188180167;188450;5000000;118948.10195231438;83960
1_Brandimarte_7_workers.fjs;5;1004;360.9552592585577;171.0;4.742768836036866;2.110849469348291;4307840;5000000;116391.18901968002;78962
1_Brandimarte_7_workers.fjs;6;1005;390.5126003748752;186.0;5.256033775140538;2.0995301095423398;88920;5000000;120581.80983519554;84920
1_Brandimarte_7_workers.fjs;7;1006;403.5235300588432;190.0;9.76920265959142;2.12380805294128;190280;5000000;117950.33094787598;83854
1_Brandimarte_7_workers.fjs;8;1007;373.9563656154328;177.0;4.163656264663915;2.1127478283357783;4131920;5000000;117674.86161589622;83792
1_Brandimarte_7_workers.fjs;9;1008;355.38660922835857;167.0;5.573264201317674;2.1280635283135245;4314900;5000000;108600.76058602333;71787
1_Brandimarte_7_workers.fjs;10;1009;391.67077223096055;185.0;5.74677165369251;2.1171393093565434;4540410;5000000;105979.5666167736;68686
2a_Hurink_sdata_18_workers.fjs;1;1000;2729.867370918839;1292.0;37.256638562762994;2.1129004418876463;4333940;5000000;61983.680351018906;75426
2a_Hurink_sdata_18_workers.fjs;2;1001;2795.0972701007786;1327.0;44.27869599715712;2.106328010626058;193280;5000000;51875.97794651985;58612
2a_Hurink_sdata_18_workers.fjs;3;1002;2687.4399015301774;1280.0;33.418032659747325;2.0995624230704513;4647670;5000000;62856.243612766266;77002
2a_Hurink_sdata_18_workers.fjs;4;1003;2686.9369096428854;1274.0;50.643617252541475;2.1090556590603495;4433100;5000000;65526.69616794586;82409
2a_Hurink_sdata_18_workers.fjs;5;1004;2896.161372487367;1382.0;29.49999963863354;2.0956305155480224;4781820;5000000;66084.21176123619;83679
2a_Hurink_sdata_18_workers.fjs;6;1005;2797.3988639641466;1337.0;27.133505655015057;2.092295335799661;4256730;5000000;61435.01079273224;74040
2a_Hurink_sdata_18_workers.fjs;7;1006;2747.9954740905314;1288.0;43.39966534410603;2.1335368587659405;137180;5000000;47792.913029670715;51880
2a_Hurink_sdata_18_workers.fjs;8;1007;2947.6513239037577;1410.0;26.770136279320756;2.0905328538324524;2868780;5000000;64915.59993624687;84040
2a_Hurink_sdata_18_workers.fjs;9;1008;2735.8241484321643;1302.0;35.943019165792734;2.1012474258311555;1477900;5000000;65557.79596376419;81982
2a_Hurink_sdata_18_workers.fjs;10;1009;2822.868300500614;1340.0;44.83308345214143;2.106618134701951;2507760;5000000;60645.49712538719;72370
2a_Hurink_sdata_1_workers.fjs;1;1000;111.83163817589812;53.0;2.393117486096584;2.1100309089792098;2135920;5000000;13446.31896328926;17055
2a_Hurink_sdata_1_workers.fjs;2;1001;120.34250021007765;57.0;3.220938588985924;2.111271933510134;1057580;5000000;14106.890145778656;17292
2a_Hurink_sdata_1_workers.fjs;3;1002;118.41394839662564;56.0;2.7918678832598194;2.1145347927968863;1190730;5000000;14330.370137691498;18405
2a_Hurink_sdata_1_workers.fjs;4;1003;110.34870632042231;52.0;3.431336298578422;2.1220905061619675;4549800;5000000;13802.856086492538;17456
2a_Hurink_sdata_1_workers.fjs;5;1004;113.49757271787396;54.0;2.890861583586215;2.1018069021828514;4199480;5000000;13886.188437461853;17069
2a_Hurink_sdata_1_workers.fjs;6;1005;110.7283964066194;52.0;1.7714811410921383;2.1293922385888346;4091070;5000000;13861.876254558563;16506
2a_Hurink_sdata_1_workers.fjs;7;1006;111.27791308405743;52.0;4.033459565409573;2.1399598670011044;3177360;5000000;13487.1142411232;16921
2a_Hurink_sdata_1_workers.fjs;8;1007;110.8570974151106;52.0;1.774212115793586;2.131867257982896;1936820;5000000;13974.09720158577;17355
2a_Hurink_sdata_1_workers.fjs;9;1008;112.75796148869654;54.0;2.3939989914606867;2.088110397938825;3942820;5000000;13617.990103006363;17427
2a_Hurink_sdata_1_workers.fjs;10;1009;119.68669776310102;57.0;2.439536829384986;2.099766627422825;4695070;5000000;13880.428213119507;17589
2a_Hurink_sdata_38_workers.fjs;1;1000;5538.883788162562;2623.0;51.52827643582376;2.1116598506147777;108170;1237350;129600.74284505844;77586
2a_Hurink_sdata_38_workers.fjs;2;1001;4948.784779634479;2332.0;42.12042296801519;2.122120402930737;269770;1031720;129600.95320439339;80603
2a_Hurink_sdata_38_workers.fjs;3;1002;4913.076025232782;2312.0;58.61399091062985;2.1250328828861513;232790;1635210;129600.88254666328;74657
2a_Hurink_sdata_38_workers.fjs;4;1003;5504.523886216302;2595.0;56.99684498885037;2.1212038097172647;1046790;1244400;129600.77110099792;78645
2a_Hurink_sdata_38_workers.fjs;5;1004;5351.839804762964;2528.0;42.09322630737952;2.117025239225856;162150;1052710;129600.67703795433;80018
2a_Hurink_sdata_38_workers.fjs;6;1005;5432.102089690997;2573.0;50.25205749192231;2.111193971897006;367840;1318280;129600.64305758476;77295
2a_Hurink_sdata_38_workers.fjs;7;1006;5187.840883341741;2450.0;74.49388097140562;2.1174860748333635;202800;1216640;129600.41694617271;78578
2a_Hurink_sdata_38_workers.fjs;8;1007;4919.311201933125;2328.0;60.0202107749473;2.1131061863973906;281630;1199450;129600.3876554966;78459
2a_Hurink_sdata_38_workers.fjs;9;1008;5156.7122798558;2446.0;58.61147038289587;2.10822251833843;192900;1387460;129600.80863547325;77103
2a_Hurink_sdata_38_workers.fjs;10;1009;5141.228554175259;2419.0;72.42335706389044;2.1253528541443814;579320;1286640;129600.93529677391;77500
2a_Hurink_sdata_40_workers.fjs;1;1000;3732.7153728152803;1756.0;44.170560394494494;2.1256921257490204;142550;5000000;126252.7815914154;84852
2a_Hurink_sdata_40_workers.fjs;2;1001;3698.1665411041686;1751.0;45.466825615937566;2.11203114854607;866940;5000000;128158.97192430496;85202
2a_Hurink_sdata_40_workers.fjs;3;1002;3698.8743664415524;1749.0;49.70442121557777;2.1148509813845355;1931510;5000000;129526.87868022919;83736
2a_Hurink_sdata_40_workers.fjs;4;1003;3538.986471459372;1662.0;54.720220440910936;2.1293540742836172;146280;5000000;126863.49422597885;84720
2a_Hurink_sdata_40_workers.fjs;5;1004;3564.075865066753;1682.0;34.5096043786836;2.1189511682917677;3105110;5000000;124196.39255023003;84160
2a_Hurink_sdata_40_workers.fjs;6;1005;3734.4564984459066;1765.0;42.85227842538731;2.1158393758900322;565610;5000000;127665.81250572205;84425
2a_Hurink_sdata_40_workers.fjs;7;1006;3828.471280436058;1806.0;47.589150401929004;2.1198622815260566;478150;5000000;127174.36469721794;84666
2a_Hurink_sdata_40_workers.fjs;8;1007;3577.9578375293527;1694.0;37.50563503737196;2.1121356774081184;1946490;5000000;127641.20244860649;81042
2a_Hurink_sdata_40_workers.fjs;9;1008;3471.271984260472;1627.0;58.026680761049676;2.133541477726166;202680;4946200;129600.36279249191;82601
2a_Hurink_sdata_40_workers.fjs;10;1009;3800.737286030936;1789.0;46.75590467887274;2.12450379319784;1698550;5000000;126540.99498081207;85340
2a_Hurink_sdata_54_workers.fjs;1;1000;18820.500853864247;8937.0;329.94394571305526;2.1059081183690553;4496690;5000000;23716.77664232254;21998
2a_Hurink_sdata_54_workers.fjs;2;1001;18262.473650369557;8701.0;326.28219949260335;2.0988936501976276;4362260;5000000;23857.553129911423;22246
2a_Hurink_sdata_54_workers.fjs;3;1002;18769.271305764298;8902.0;345.41194225058274;2.1084330831009095;4290200;5000000;23764.88129377365;21576
2a_Hurink_sdata_54_workers.fjs;4;1003;18997.18927714894;8947.0;336.3314147458994;2.12330270226321;4439080;5000000;23837.80535888672;22560
2a_Hurink_sdata_54_workers.fjs;5;1004;18848.102649867174;8925.0;240.3154256132733;2.1118322296769945;2734130;5000000;23398.26482486725;20678
2a_Hurink_sdata_54_workers.fjs;6;1005;18495.4674904721;8755.0;245.70760925344868;2.1125605357478126;4059990;5000000;23292.04078269005;20892
2a_Hurink_sdata_54_workers.fjs;7;1006;18762.523502777898;8910.0;425.8331335022889;2.105782660244433;2419820;5000000;23843.550101041794;22682
2a_Hurink_sdata_54_workers.fjs;8;1007;19055.494799022355;9040.0;306.83808231798565;2.107908716706013;4927350;5000000;26230.592953443527;28255
2a_Hurink_sdata_54_workers.fjs;9;1008;17858.70055469984;8543.0;345.7927213770158;2.090448385192537;4965830;5000000;24154.67570734024;23515
2a_Hurink_sdata_54_workers.fjs;10;1009;17519.462602732234;8267.0;362.8033084013978;2.1192043791861903;4570940;5000000;23712.549285173416;22320
2a_Hurink_sdata_61_workers.fjs;1;1000;1900.6553435783205;907.0;24.24955167196706;2.0955406213652927;4992870;5000000;33680.27172827721;26672
2a_Hurink_sdata_61_workers.fjs;2;1001;2240.0238340769683;1067.0;32.25512724284323;2.0993662924807577;4880890;5000000;35425.77045464516;31258
2a_Hurink_sdata_61_workers.fjs;3;1002;2052.8210499859265;970.0;30.974660983508052;2.1163103608102336;2845680;5000000;34242.92659974098;27676
2a_Hurink_sdata_61_workers.fjs;4;1003;2044.4907739018413;963.0;33.558846193275635;2.1230433789219534;1852480;5000000;33903.37534713745;27578
2a_Hurink_sdata_61_workers.fjs;5;1004;1949.099403063879;920.0;30.312987893680067;2.1185863076781293;4957520;5000000;34523.91486573219;28958
2a_Hurink_sdata_61_workers.fjs;6;1005;1923.529749689821;910.0;23.247102653784356;2.1137689557031;4735490;5000000;32561.228823661804;24966
2a_Hurink_sdata_61_workers.fjs;7;1006;1989.4837443276863;931.0;53.54165315683929;2.136932056205893;4108450;5000000;35238.25743675232;30247
2a_Hurink_sdata_61_workers.fjs;8;1007;2002.6709790630266;943.0;39.05500415018867;2.12372320155146;95340;5000000;34136.6489136219;27168
2a_Hurink_sdata_61_workers.fjs;9;1008;2077.695482406244;979.0;35.24606900558987;2.1222630055222105;4372760;5000000;34052.701192855835;27419
2a_Hurink_sdata_61_workers.fjs;10;1009;2142.8686123393113;1015.0;44.58114105656501;2.1112006032899617;3226270;5000000;35172.66620802879;30616
2a_Hurink_sdata_63_workers.fjs;1;1000;912.8762109732633;433.0;15.641563557675765;2.108259147744257;4996790;5000000;36658.71056461334;32903
2a_Hurink_sdata_63_workers.fjs;2;1001;905.5058716238792;428.0;18.049780246560378;2.115667924354858;571390;5000000;34848.081174850464;28547
2a_Hurink_sdata_63_workers.fjs;3;1002;854.8607148983949;404.0;13.133802410289155;2.1159918685603833;4965090;5000000;35606.11653017998;30172
2a_Hurink_sdata_63_workers.fjs;4;1003;884.954819094337;419.0;13.456710787845704;2.1120640073850527;3771060;5000000;34860.69215607643;28634
2a_Hurink_sdata_63_workers.fjs;5;1004;865.3265344717249;407.0;13.339707815268254;2.1261094213064493;4201640;5000000;35139.62374162674;29167
2a_Hurink_sdata_63_workers.fjs;6;1005;870.2602559121628;415.0;10.063701443668167;2.0970126648485854;4866070;5000000;35101.44560647011;30090
2a_Hurink_sdata_63_workers.fjs;7;1006;920.6654684219654;434.0;18.388045154371916;2.1213490055805657;3683280;5000000;34754.541828393936;28384
2a_Hurink_sdata_63_workers.fjs;8;1007;860.8985013919737;407.0;14.14228619395689;2.1152297331498127;1114240;5000000;35912.25470972061;31565
2a_Hurink_sdata_63_workers.fjs;9;1008;856.846874902099;406.0;10.523621896937877;2.110460283010096;3576200;5000000;35295.23170042038;30040
2a_Hurink_sdata_63_workers.fjs;10;1009;901.0570773669917;425.0;15.23941304435327;2.1201342996870394;4195660;5000000;42609.14037036896;43093
2b_Hurink_edata_1_workers.fjs;1;1000;113.8809488476775;54.0;3.1361600389212714;2.108906460142176;1099270;5000000;13322.076174974442;17611
2b_Hurink_edata_1_workers.fjs;2;1001;107.45749740454286;51.0;2.7785772956877883;2.107009753030252;2879400;5000000;13147.41253042221;17184
2b_Hurink_edata_1_workers.fjs;3;1002;108.03074005192549;51.0;2.3799666731762246;2.1182498049397154;2977480;5000000;13147.342604398727;17387
2b_Hurink_edata_1_workers.fjs;4;1003;107.19248199281232;51.0;2.3342985954184483;2.1018133724080847;4945010;5000000;13185.809547185898;17245
2b_Hurink_edata_1_workers.fjs;5;1004;107.25303587634335;51.0;2.613601818525953;2.1030007034577127;1288340;5000000;13181.739508628845;17326
2b_Hurink_edata_1_workers.fjs;6;1005;107.61618541939013;51.0;2.0755522325668077;2.11012128273314;4540390;5000000;13218.205039739609;17396
2b_Hurink_edata_1_workers.fjs;7;1006;108.66315867723185;51.0;5.312515605807751;2.130650170141801;3653040;5000000;13163.440390348434;16837
2b_Hurink_edata_1_workers.fjs;8;1007;107.54849089619715;51.0;2.1874740148396024;2.108793939141121;4685390;5000000;13156.487443208694;17315
2b_Hurink_edata_1_workers.fjs;9;1008;107.12000040152562;51.0;1.9137809172790927;2.1003921647357964;610590;5000000;13168.780386209488;16724
2b_Hurink_edata_1_workers.fjs;10;1009;113.1316029454148;54.0;2.8156343266319235;2.095029684174348;4632500;5000000;13135.962167024612;16755
2b_Hurink_edata_6_workers.fjs;1;1000;1221.2142328701332;576.0;29.274182896435818;2.12016359873287;3878440;5000000;17711.7960357666;22314
2b_Hurink_edata_6_workers.fjs;2;1001;1247.5462477137883;593.0;27.10895361889126;2.1037879388090865;3990050;5000000;17697.929263830185;22133
2b_Hurink_edata_6_workers.fjs;3;1002;1233.9543282131488;587.0;20.609896264663995;2.102136845337562;4573080;5000000;16725.504746437073;19555
2b_Hurink_edata_6_workers.fjs;4;1003;1309.7528829147313;620.0;37.722387975025384;2.11250464986247;1630800;5000000;18041.639234781265;22508
2b_Hurink_edata_6_workers.fjs;5;1004;1197.9523662385966;566.0;17.511585855082767;2.116523615262538;2629660;5000000;17416.383685588837;21814
2b_Hurink_edata_6_workers.fjs;6;1005;1187.9278536167506;564.0;18.553405759651497;2.106255059604168;3947940;5000000;17550.697525262833;21798
2b_Hurink_edata_6_workers.fjs;7;1006;1221.0227216434446;570.0;38.578977747204625;2.1421451256902535;3998560;5000000;17775.057463884354;23085
2b_Hurink_edata_6_workers.fjs;8;1007;1234.501736162986;584.0;19.04583398975724;2.1138728358955237;1538270;5000000;17567.44087934494;22806
2b_Hurink_edata_6_workers.fjs;9;1008;1230.7752328229678;582.0;29.31322935403992;2.1147340770154086;1921380;5000000;18203.88365483284;23724
2b_Hurink_edata_6_workers.fjs;10;1009;1269.920041785533;604.0;27.05319589262247;2.1025166254727368;4037950;5000000;17448.514870882034;21354
2c_Hurink_rdata_28_workers.fjs;1;1000;2285.447777504625;1089.0;26.922386089683503;2.0986664623550273;3044630;5000000;89947.41126680374;84575
2c_Hurink_rdata_28_workers.fjs;2;1001;2185.552555209693;1021.0;29.674363062846506;2.1405999561309432;627660;5000000;86900.4377090931;80086
2c_Hurink_rdata_28_workers.fjs;3;1002;2097.601781065826;990.0;34.905785618002014;2.1187896778442687;411530;5000000;84755.94254660606;76827
2c_Hurink_rdata_28_workers.fjs;4;1003;2270.8188596296;1075.0;40.242297624004514;2.1123896368647443;718080;5000000;88395.22323012352;81836
2c_Hurink_rdata_28_workers.fjs;5;1004;2292.614350112232;1080.0;26.106670603931793;2.1227910649187334;604760;5000000;83347.38823413849;74289
2c_Hurink_rdata_28_workers.fjs;6;1005;2006.9865963068166;945.0;24.130085060168962;2.1237953400072134;1261030;5000000;88122.74549603462;84014
2c_Hurink_rdata_28_workers.fjs;7;1006;2255.330051382367;1048.0;47.40635602913885;2.1520324917770677;176750;5000000;85552.69492936134;78159
2c_Hurink_rdata_28_workers.fjs;8;1007;2173.7312539812474;1026.0;33.66529307726834;2.1186464463754846;733790;5000000;87903.85767674446;81943
2c_Hurink_rdata_28_workers.fjs;9;1008;2192.9488624807905;1027.0;35.46826236964547;2.135295873885872;119480;5000000;76512.88697266579;65381
2c_Hurink_rdata_28_workers.fjs;10;1009;2336.820736243349;1098.0;42.7378722756948;2.128252036651502;3113390;5000000;83878.30907678604;75337
2c_Hurink_rdata_38_workers.fjs;1;1000;5014.408428164271;2364.0;54.63763867624398;2.1211541574298947;432620;1152370;129600.07908248901;78099
2c_Hurink_rdata_38_workers.fjs;2;1001;4429.437783039817;2093.0;42.56865169609662;2.1163104553463055;190920;1688820;129600.37551379204;73916
2c_Hurink_rdata_38_workers.fjs;3;1002;4731.537518238283;2237.0;54.87435460532054;2.1151262933564072;628430;1223780;129600.40359306335;78273
2c_Hurink_rdata_38_workers.fjs;4;1003;3982.795939376353;1860.0;48.13405774192686;2.141288139449652;503370;1759610;129600.13485836983;72916
2c_Hurink_rdata_38_workers.fjs;5;1004;4636.553901923269;2186.0;46.55357730534119;2.121021913048156;325230;1522890;129600.49347567558;75246
2c_Hurink_rdata_38_workers.fjs;6;1005;4349.962105980815;2051.0;32.35951299610555;2.1208981501612945;314510;1559110;129601.37002587318;75210
2c_Hurink_rdata_38_workers.fjs;7;1006;4650.690334938669;2163.0;66.28722756188046;2.1501111118532914;917850;1782500;129601.37949490547;73033
2c_Hurink_rdata_38_workers.fjs;8;1007;4436.109183568387;2090.0;38.17835366031454;2.122540279219324;918140;1275150;129600.03019762039;78040
2c_Hurink_rdata_38_workers.fjs;9;1008;4552.846398820607;2148.0;53.38315263908488;2.1195746735663903;749430;1558220;129600.35539102554;75198
2c_Hurink_rdata_38_workers.fjs;10;1009;4438.004667751098;2090.0;52.29575511528655;2.123447209450286;616520;1620380;129600.01563215256;74279
2c_Hurink_rdata_50_workers.fjs;1;1000;12599.331889483923;5981.0;213.7208739412223;2.106559419743174;4534730;5000000;36646.51760530472;26255
2c_Hurink_rdata_50_workers.fjs;2;1001;12906.783378304606;6107.0;275.40518201887727;2.113440867578943;2669140;5000000;37480.040009737015;27776
2c_Hurink_rdata_50_workers.fjs;3;1002;13300.292361788051;6256.0;284.73775736696825;2.1260058123062744;2006550;5000000;35208.57669520378;24024
2c_Hurink_rdata_50_workers.fjs;4;1003;13217.18931496226;6221.0;309.5740438964729;2.124608473711985;3077360;5000000;36241.74201440811;25572
2c_Hurink_rdata_50_workers.fjs;5;1004;12880.112147426964;6105.0;241.64110761343386;2.109764479513016;4710250;5000000;35966.47238755226;25533
2c_Hurink_rdata_50_workers.fjs;6;1005;12993.973618142365;6149.0;168.1175480119216;2.1131848460143705;4355000;5000000;35872.35578870773;25100
2c_Hurink_rdata_50_workers.fjs;7;1006;13283.965231858272;6152.0;509.17895110152887;2.1592921378183147;3368380;5000000;34563.76299905777;22915
2c_Hurink_rdata_50_workers.fjs;8;1007;13658.342119993706;6497.0;190.28138409222478;2.1022536740024176;3741470;5000000;33954.054839372635;22119
2c_Hurink_rdata_50_workers.fjs;9;1008;13388.413438187743;6370.0;259.4259130900875;2.101791748538107;733900;5000000;34361.93256664276;22023
2c_Hurink_rdata_50_workers.fjs;10;1009;12703.251352375508;6021.0;336.19381354167996;2.109824174119832;3191330;5000000;37972.04792380333;28222
2d_Hurink_vdata_18_workers.fjs;1;1000;2414.573316338396;1137.0;29.97680249153144;2.1236352826195217;158160;5000000;66685.93254423141;84047
2d_Hurink_vdata_18_workers.fjs;2;1001;2511.1698596378938;1179.0;32.73003761755917;2.1299150633061017;316680;5000000;56976.50795197487;66178
2d_Hurink_vdata_18_workers.fjs;3;1002;2474.8544687875574;1157.0;33.537187014654556;2.139027198606359;4781290;5000000;63190.40274858475;85310
2d_Hurink_vdata_18_workers.fjs;4;1003;2376.562079780335;1105.0;62.63157369451289;2.1507349138283574;330270;5000000;50028.193846940994;55083
2d_Hurink_vdata_18_workers.fjs;5;1004;2524.7143106741105;1191.0;38.37206875037256;2.1198272969555925;764530;5000000;51292.551344394684;57172
2d_Hurink_vdata_18_workers.fjs;6;1005;2430.854577535035;1152.0;22.19353309657322;2.11011682077694;4758420;5000000;56507.42334651947;65482
2d_Hurink_vdata_18_workers.fjs;7;1006;2566.820540734808;1210.0;45.534499500845754;2.121339289863478;857180;5000000;65281.97267794609;83012
2d_Hurink_vdata_18_workers.fjs;8;1007;2504.4184827813274;1186.0;31.98607253119941;2.111651334554239;114690;5000000;48364.68463921547;51737
2d_Hurink_vdata_18_workers.fjs;9;1008;2593.796409420078;1217.0;35.31713698737606;2.131303541018963;2186040;5000000;66070.33882904053;85565
2d_Hurink_vdata_18_workers.fjs;10;1009;2464.3755282163997;1164.0;26.809635906179217;2.11716110671512;284890;5000000;50179.1642870903;55460
2d_Hurink_vdata_30_workers.fjs;1;1000;2839.1016440619514;1324.0;40.01147675910715;2.144336589170658;1237520;5000000;110991.97113871574;80188
2d_Hurink_vdata_30_workers.fjs;2;1001;2884.7063572931856;1356.0;46.813952433233766;2.1273645702752106;340640;5000000;111584.94736504555;82344
2d_Hurink_vdata_30_workers.fjs;3;1002;2903.586194706495;1370.0;38.9605449110624;2.1194059815375876;265210;5000000;112086.58146166801;83065
2d_Hurink_vdata_30_workers.fjs;4;1003;3058.1303071159077;1433.0;35.00024098954382;2.1340755806810243;704960;5000000;114471.79026603699;84731
2d_Hurink_vdata_30_workers.fjs;5;1004;2819.571489703667;1336.0;32.44529948146409;2.1104577018740023;1848360;5000000;112117.39557337761;83344
2d_Hurink_vdata_30_workers.fjs;6;1005;2815.774176967616;1322.0;31.732904999409662;2.1299350809134765;208660;5000000;113491.38308787346;83800
2d_Hurink_vdata_30_workers.fjs;7;1006;3148.468903223242;1455.0;54.432839670880725;2.1638961534180354;4899720;5000000;114099.2870156765;84470
2d_Hurink_vdata_30_workers.fjs;8;1007;3013.7527015465926;1419.0;31.24334416015505;2.123856731181531;590290;5000000;114881.889346838;84795
2d_Hurink_vdata_30_workers.fjs;9;1008;2974.2058331922876;1391.0;48.28278455158553;2.1381781690814434;997220;5000000;112633.9988181591;82947
2d_Hurink_vdata_30_workers.fjs;10;1009;2944.6104647205834;1378.0;50.18734064841894;2.136872615907535;965900;5000000;113019.21197271347;82791
2d_Hurink_vdata_5_workers.fjs;1;1000;1172.6477680605456;553.0;22.948490861403883;2.1205203762396847;3847700;5000000;33158.50292468071;23603
2d_Hurink_vdata_5_workers.fjs;2;1001;1140.976921854118;535.0;30.041071033462195;2.132667143652557;4586570;5000000;35405.60409331322;26869
2d_Hurink_vdata_5_workers.fjs;3;1002;1272.0526273511573;595.0;32.24613787876287;2.137903575380096;3726590;5000000;33076.75475525856;22891
2d_Hurink_vdata_5_workers.fjs;4;1003;1161.2281933736133;542.0;24.554651671194716;2.142487441648733;4194410;5000000;35781.01523923874;27536
2d_Hurink_vdata_5_workers.fjs;5;1004;1165.1836278549235;550.0;26.040075049687374;2.118515687008952;1858620;5000000;36280.10987329483;27819
2d_Hurink_vdata_5_workers.fjs;6;1005;1154.9659641868593;544.0;19.280284074408453;2.1230991988729033;4127180;5000000;32773.50700759888;23131
2d_Hurink_vdata_5_workers.fjs;7;1006;1218.8358616295163;562.0;51.64527500687981;2.168747084750029;4051620;5000000;35147.72956037521;26223
2d_Hurink_vdata_5_workers.fjs;8;1007;1218.3581891043737;580.0;20.953229649107907;2.100617567421334;4390220;5000000;32855.58579969406;21429
2d_Hurink_vdata_5_workers.fjs;9;1008;1228.001043333404;582.0;19.975965331186337;2.1099674284079106;4744690;5000000;33831.594467163086;24707
2d_Hurink_vdata_5_workers.fjs;10;1009;1149.7929148429384;537.0;33.04663518694457;2.141141368422604;4553310;5000000;33394.21300625801;23249
3_DPpaulli_15_workers.fjs;1;1000;6252.611363699783;2943.0;50.00317169795305;2.1245706298674087;587870;920910;129601.51909279823;57459
3_DPpaulli_15_workers.fjs;2;1001;6202.934666896343;2921.0;57.54969846762793;2.123565445702274;300930;886730;129600.28838562965;57711
3_DPpaulli_15_workers.fjs;3;1002;6521.166460486822;3078.0;53.62079007964749;2.11863757650644;687370;776720;129601.2668466568;59403
3_DPpaulli_15_workers.fjs;4;1003;7112.429218393266;3354.0;66.44324299530905;2.1205811623116473;236530;662660;129600.07622671127;60763
3_DPpaulli_15_workers.fjs;5;1004;6373.29600270243;3010.0;42.991185554010826;2.1173740872765547;477380;949890;129600.05099248886;57620
3_DPpaulli_15_workers.fjs;6;1005;6067.017077888047;2867.0;45.04620223777843;2.116155241677031;309030;1031040;129601.25764465332;56660
3_DPpaulli_15_workers.fjs;7;1006;6814.585051407517;3191.0;70.94095989144184;2.1355641026034213;330080;815590;129601.25714540482;58949
3_DPpaulli_15_workers.fjs;8;1007;6385.255268010076;3019.0;50.879173815350086;2.1150232752600453;368800;990310;129600.0733385086;56940
3_DPpaulli_15_workers.fjs;9;1008;6475.223438055276;3050.0;64.22592980158825;2.12302407805091;307480;811700;129600.17149448395;57692
3_DPpaulli_15_workers.fjs;10;1009;6616.653505107142;3106.0;74.165854063652;2.130281231521939;204270;1044530;129600.81625199318;56067
3_DPpaulli_18_workers.fjs;1;1000;6407.5124544980945;3021.0;61.849738199123706;2.120990550975867;456030;1258650;129601.58387088776;54501
3_DPpaulli_18_workers.fjs;2;1001;6518.034271709214;3058.0;76.06534588360017;2.131469676817925;510330;1146560;129600.73908400536;55898
3_DPpaulli_18_workers.fjs;3;1002;6131.456308472663;2891.0;59.705120000853974;2.1208773118203608;1079120;1088410;129601.06948924065;56804
3_DPpaulli_18_workers.fjs;4;1003;6434.594096860161;3032.0;64.33789864100825;2.12222760450533;271970;850040;129601.40441727638;59066
3_DPpaulli_18_workers.fjs;5;1004;6462.7828763320485;3053.0;49.2449480758148;2.1168630449826558;685890;1069980;129601.52297353745;56632
3_DPpaulli_18_workers.fjs;6;1005;6090.129513544605;2871.0;36.97956272528868;2.1212572321646133;1121330;1308360;129601.0640001297;53723
3_DPpaulli_18_workers.fjs;7;1006;6980.391579987303;3258.0;91.16814145051667;2.142538852052579;177070;799640;129600.12076497078;59722
3_DPpaulli_18_workers.fjs;8;1007;7003.552774484808;3310.0;57.75098965570017;2.1158769711434466;746050;857760;129600.51706314087;59026
3_DPpaulli_18_workers.fjs;9;1008;6872.14161931933;3234.0;58.370703491468504;2.1249664871117284;787840;1110780;129600.10328960419;56280
3_DPpaulli_18_workers.fjs;10;1009;6622.242903111055;3116.0;57.52058362108805;2.1252384156325594;512920;850710;129600.15157437325;59289
3_DPpaulli_1_workers.fjs;1;1000;6201.139129223383;2928.0;57.791397651117265;2.117875385663724;230420;5000000;124354.13123703003;83380
3_DPpaulli_1_workers.fjs;2;1001;6848.376390568565;3247.0;70.61668518996551;2.109139633682958;3146220;5000000;121824.67303657532;84902
3_DPpaulli_1_workers.fjs;3;1002;6655.51946612972;3160.0;61.2025320433015;2.1061770462435825;202460;5000000;122094.5906150341;84026
3_DPpaulli_1_workers.fjs;4;1003;6353.628276319298;3006.0;79.51796781908568;2.1136487945173976;258230;5000000;121091.28176355362;83006
3_DPpaulli_1_workers.fjs;5;1004;6380.440948187216;3025.0;54.92262262094444;2.109236677086683;3596730;5000000;124798.19891786575;84022
3_DPpaulli_1_workers.fjs;6;1005;6446.975564516584;3069.0;48.83183684299426;2.100676299940236;3584170;5000000;120982.55080461502;84254
3_DPpaulli_1_workers.fjs;7;1006;6292.299856577082;2979.0;90.74352477076744;2.112218817246419;257630;5000000;119605.2829413414;83152
3_DPpaulli_1_workers.fjs;8;1007;6530.664002434722;3109.0;43.07180699253976;2.100567385794378;154080;5000000;121980.26457190514;84458
3_DPpaulli_1_workers.fjs;9;1008;6253.090546081012;2966.0;62.73595942468622;2.1082570957791678;2855850;5000000;122736.67458081245;84919
3_DPpaulli_1_workers.fjs;10;1009;6470.138509716726;3061.0;62.17733134875666;2.113733586970508;4065480;5000000;123256.45775675774;84766
3_DPpaulli_9_workers.fjs;1;1000;6145.651926502202;2893.0;54.21704524766253;2.1243179835818187;1629620;2188650;129600.5353167057;38447
3_DPpaulli_9_workers.fjs;2;1001;5689.001529470076;2667.0;79.58923580914146;2.1331089349344117;715650;2329950;129602.09337425232;37065
3_DPpaulli_9_workers.fjs;3;1002;5686.250194052004;2672.0;59.47267683371592;2.1280876474745525;558980;2345620;129600.54502677917;36668
3_DPpaulli_9_workers.fjs;4;1003;6010.680074965478;2817.0;74.28999392835226;2.1337167465266162;293360;2204800;129602.01262426376;38359
3_DPpaulli_9_workers.fjs;5;1004;5562.739167239689;2627.0;37.36379240023806;2.117525377708294;1685170;1921830;129601.11975622177;40172
3_DPpaulli_9_workers.fjs;6;1005;5672.174142939731;2685.0;47.30655919611453;2.1125415802382608;1845480;2249500;129600.22497797012;37672
3_DPpaulli_9_workers.fjs;7;1006;6303.236691199653;2956.0;54.27872183661831;2.1323534138023184;2089610;2156160;129602.58142113686;38750
3_DPpaulli_9_workers.fjs;8;1007;5767.27748329426;2716.0;44.23719238625136;2.123445317855029;2131360;2257550;129600.07922363281;37665
3_DPpaulli_9_workers.fjs;9;1008;5692.8071281982575;2678.0;50.71799391436262;2.125768158401142;335350;2279620;129602.13248610497;37141
3_DPpaulli_9_workers.fjs;10;1009;5557.348622737905;2600.0;65.07252213304365;2.1374417779761172;395670;2393400;129600.17987513542;35900
4_ChambersBarnes_10_workers.fjs;1;1000;2337.535723331386;1103.0;47.476071505361816;2.1192526956766873;892140;5000000;114936.80312252045;48209
4_ChambersBarnes_10_workers.fjs;2;1001;2237.8615616824763;1048.0;41.97336760945495;2.135364085574882;286540;5000000;115206.84679722786;50545
4_ChambersBarnes_10_workers.fjs;3;1002;2301.720315145663;1082.0;34.9703061016968;2.127283100873995;4443720;5000000;119303.97415852547;55355
4_ChambersBarnes_10_workers.fjs;4;1003;2195.7306066139763;1034.0;38.1599873393492;2.1235305673249285;3887290;5000000;113247.04371976852;49466
4_ChambersBarnes_10_workers.fjs;5;1004;2042.8155554510897;960.0;27.688138737862893;2.1279328702615516;4210860;5000000;112473.48535823822;47263
4_ChambersBarnes_10_workers.fjs;6;1005;2301.059853015124;1081.0;38.78689264643693;2.128640012039893;653700;5000000;115772.28614926338;51265
4_ChambersBarnes_10_workers.fjs;7;1006;2332.3797927563196;1098.0;36.96070631643785;2.124207461526703;231050;5000000;109673.44402813911;45025
4_ChambersBarnes_10_workers.fjs;8;1007;2267.7331443155153;1066.0;30.768851593162363;2.1273294036730914;1913990;5000000;116028.78585767746;52021
4_ChambersBarnes_10_workers.fjs;9;1008;2386.9751673083747;1127.0;42.392267757107945;2.1179903880287263;4864570;5000000;126148.99514245987;60254
4_ChambersBarnes_10_workers.fjs;10;1009;2296.300773404453;1080.0;42.648593008873085;2.1262044198189383;3255760;5000000;113422.46656894684;48133
5_Kacem_3_workers.fjs;1;1000;18.99599928603982;9.0;0.8493513138732393;2.1106665873377577;661070;5000000;23340.71366095543;17420
5_Kacem_3_workers.fjs;2;1001;16.527182891164884;8.0;0.8762898691700598;2.0658978613956105;4555010;5000000;23059.703818321228;16904
5_Kacem_3_workers.fjs;3;1002;16.55493916013881;8.0;0.4374320892733239;2.0693673950173515;4315340;5000000;23202.71890091896;17155
5_Kacem_3_workers.fjs;4;1003;16.698481276681985;8.0;0.5044030973483438;2.087310159585248;2360200;5000000;23098.24587082863;16738
5_Kacem_3_workers.fjs;5;1004;16.833654307522295;8.0;0.6879260454934979;2.104206788440287;2910870;5000000;22950.827612638474;17056
5_Kacem_3_workers.fjs;6;1005;16.838073589473066;8.0;0.6743034025222202;2.104759198684133;2363360;5000000;22930.97367453575;16900
5_Kacem_3_workers.fjs;7;1006;17.061073863432043;8.0;1.4094179162349285;2.1326342329290053;3793410;5000000;22983.229026317596;16760
5_Kacem_3_workers.fjs;8;1007;17.064740763691333;8.0;0.4759340234987205;2.1330925954614166;921110;5000000;23044.451316833496;16727
5_Kacem_3_workers.fjs;9;1008;15.293996160379747;7.0;0.5973411553490683;2.184856594339964;3593390;5000000;22962.736151456833;16740
5_Kacem_3_workers.fjs;10;1009;16.84879875814871;8.0;1.0101190031747231;2.106099844768589;4982620;5000000;23084.256875514984;16718
5_Kacem_4_workers.fjs;1;1000;32.682927280332166;15.0;1.222438633622154;2.178861818688811;3675750;5000000;35585.989579916;22011
5_Kacem_4_workers.fjs;2;1001;28.222549504088672;13.0;0.8719398822995617;2.1709653464683596;4494400;5000000;35882.74784350395;22570
5_Kacem_4_workers.fjs;3;1002;30.758696910434935;14.0;0.8831372288567927;2.197049779316781;4762270;5000000;36113.88435602188;22633
5_Kacem_4_workers.fjs;4;1003;30.585182076605413;14.0;1.1518860891902287;2.1846558626146724;4736220;5000000;39296.036803245544;27834
5_Kacem_4_workers.fjs;5;1004;30.827119421037082;14.0;0.7015970357416574;2.2019371015026485;2031140;5000000;36103.549186229706;22412
5_Kacem_4_workers.fjs;6;1005;30.25482780129297;14.0;0.479522760725802;2.1610591286637835;2323410;5000000;35309.500978946686;21437
5_Kacem_4_workers.fjs;7;1006;34.47218944833628;16.0;1.0676281885365317;2.1545118405210175;4886030;5000000;37842.14266252518;24662
5_Kacem_4_workers.fjs;8;1007;30.222424552982993;14.0;0.73055130990284;2.1587446109273567;4860180;5000000;35475.54336333275;21512
5_Kacem_4_workers.fjs;9;1008;31.83784256229276;15.0;1.0830697291278786;2.122522837486184;1438400;5000000;38671.55930399895;27334
5_Kacem_4_workers.fjs;10;1009;32.88789739433571;15.0;0.898994318385992;2.192526492955714;2769740;5000000;36123.89924311638;23067
6_Fattahi_14_workers.fjs;1;1000;1222.3043302293215;580.0;42.42785338287524;2.1074212590160717;4545930;5000000;20114.419650554657;16244
6_Fattahi_14_workers.fjs;2;1001;1190.087229497309;565.0;23.769060984177592;2.106349078756299;2345890;5000000;19721.0182492733;16241
6_Fattahi_14_workers.fjs;3;1002;1284.6019284756985;606.0;45.369953871859025;2.1198051625011525;4589960;5000000;19636.832770586014;16335
6_Fattahi_14_workers.fjs;4;1003;1198.3651145554186;558.0;73.6997308774627;2.1476077321781695;4842210;5000000;19729.86390686035;16340
6_Fattahi_14_workers.fjs;5;1004;1266.0281120417396;595.0;37.46650014912898;2.127778339565949;2936410;5000000;19850.902542352676;16277
6_Fattahi_14_workers.fjs;6;1005;1208.266061582171;573.0;25.581034553366816;2.1086667741399143;1457000;5000000;19757.422359466553;16242
6_Fattahi_14_workers.fjs;7;1006;1313.0034733525708;614.0;53.18245348251328;2.1384421390107016;4921680;5000000;19686.536386966705;16260
6_Fattahi_14_workers.fjs;8;1007;1228.405810764075;585.0;25.5713753478361;2.0998389927591026;4609820;5000000;19845.650758981705;16278
6_Fattahi_14_workers.fjs;9;1008;1216.3118729363728;561.0;39.92238804130269;2.1681138555015558;4772310;5000000;19757.84356069565;16294
6_Fattahi_14_workers.fjs;10;1009;1259.985012117914;595.0;42.81600864575144;2.117621869105738;1206750;5000000;19805.88889336586;16247
6_Fattahi_20_workers.fjs;1;1000;2827.444009921338;1333.0;75.10902450611917;2.121113285762444;4926350;5000000;31850.04071545601;19802
6_Fattahi_20_workers.fjs;2;1001;2882.216248877939;1370.0;71.47745027631733;2.1038074809328022;4168120;5000000;31886.99520778656;19713
6_Fattahi_20_workers.fjs;3;1002;2917.511969874489;1360.0;98.34536192094163;2.1452293896135948;3798740;5000000;32155.866884708405;21121
6_Fattahi_20_workers.fjs;4;1003;2764.9151041450764;1282.0;90.27919581922502;2.156720050035161;3761450;5000000;34066.12833786011;24776
6_Fattahi_20_workers.fjs;5;1004;2687.6239851116466;1263.0;43.19502935285297;2.1279683175864186;2268310;5000000;32792.1253349781;22301
6_Fattahi_20_workers.fjs;6;1005;2711.7201690742877;1274.0;44.90407020515282;2.1285087669342917;4998110;5000000;32197.87219262123;21376
6_Fattahi_20_workers.fjs;7;1006;2891.9232831473314;1361.0;107.01404492762721;2.1248517877643875;4455690;5000000;31852.76392197609;19861
6_Fattahi_20_workers.fjs;8;1007;2780.3883274353757;1317.0;55.31920708907676;2.1111528682121303;3784810;5000000;30400.99658036232;18380
6_Fattahi_20_workers.fjs;9;1008;3051.917101924744;1454.0;67.83888091119793;2.098980125120182;4725500;5000000;32197.62224984169;19938
6_Fattahi_20_workers.fjs;10;1009;2851.5086463306916;1346.0;64.68682669015308;2.118505680780603;2321980;5000000;32276.03920030594;21297
