rank,status,config_id,parent_config_id,source,score,successful_runs,failed_runs,expected_runs,best_fitness,mean_fitness,median_fitness,std_fitness,mean_runtime_s,mean_function_evaluations,params
1,ok,TPE0066_7800c29c44,,TPE guided by screening summary,1.0533666430533764,36,0,36,112.18534115366573,3953.242242615011,2047.9780687841026,5476.929763905182,5859.501568469736,339952.44444444444,"{""ga.elitism_rate"":0.05,""ga.offspring_ratio"":6,""ga.population_size"":360,""ga.restart_generations"":1200,""ls.interval"":20,""ls.min_predicted_improvement"":2.0,""ls.neighbors_per_origin"":128,""ls.origin_count"":2,""ls.random_k"":1,""ls.real_eval_limit_per_origin"":16,""ls.top_k"":4,""ls.uncertain_k"":4,""ls.use"":true,""stoch.internal_simulations"":8,""sur.max_training_samples"":5000,""sur.min_real_per_generation"":5,""sur.min_samples_leaf"":5,""sur.n_estimators"":200,""sur.random_fraction"":0.005,""sur.retrain_interval_real_candidates"":75,""sur.top_fraction"":0.015,""sur.uncertain_fraction"":0.005,""sur.warmup_real_candidates"":800}"
2,ok,TPE0064_4588395916,,TPE guided by screening summary,1.0592172978687924,36,0,36,110.61435850561803,3973.9141115234834,2019.4514032808802,5530.458859192431,4787.664418684111,447127,"{""ga.elitism_rate"":0.05,""ga.offspring_ratio"":5,""ga.population_size"":360,""ga.restart_generations"":1200,""ls.interval"":20,""ls.min_predicted_improvement"":0.0,""ls.neighbors_per_origin"":200,""ls.origin_count"":2,""ls.random_k"":2,""ls.real_eval_limit_per_origin"":12,""ls.top_k"":6,""ls.uncertain_k"":4,""ls.use"":true,""stoch.internal_simulations"":12,""sur.max_training_samples"":5000,""sur.min_real_per_generation"":4,""sur.min_samples_leaf"":7,""sur.n_estimators"":500,""sur.random_fraction"":0.01,""sur.retrain_interval_real_candidates"":75,""sur.top_fraction"":0.01,""sur.uncertain_fraction"":0.01,""sur.warmup_real_candidates"":1200}"
3,ok,TPE0023_bca4962ed7,,TPE guided by screening summary,1.0597309494070934,35,1,36,112.0847631506186,3994.8814218602565,2027.9539577076623,5512.749004464101,5756.375577129636,363938,"{""ga.elitism_rate"":0.05,""ga.offspring_ratio"":6,""ga.population_size"":360,""ga.restart_generations"":800,""ls.use"":false,""stoch.internal_simulations"":10,""sur.max_training_samples"":3000,""sur.min_real_per_generation"":5,""sur.min_samples_leaf"":3,""sur.n_estimators"":200,""sur.random_fraction"":0.0025,""sur.retrain_interval_real_candidates"":75,""sur.top_fraction"":0.01,""sur.uncertain_fraction"":0.0075,""sur.warmup_real_candidates"":1200}"
4,ok,TPE0006_6278f111bf,,TPE guided by screening summary,1.0600271008849402,35,1,36,111.37409943720579,4066.278371438751,2049.2427197068723,5711.047094016084,5760.796333844321,357985.4285714286,"{""ga.elitism_rate"":0.05,""ga.offspring_ratio"":6,""ga.population_size"":360,""ga.restart_generations"":800,""ls.use"":false,""stoch.internal_simulations"":10,""sur.max_training_samples"":3000,""sur.min_real_per_generation"":5,""sur.min_samples_leaf"":5,""sur.n_estimators"":200,""sur.random_fraction"":0.0075,""sur.retrain_interval_real_candidates"":100,""sur.top_fraction"":0.01,""sur.uncertain_fraction"":0.0025,""sur.warmup_real_candidates"":1000}"
5,ok,TPE0004_4e56b30b94,,TPE guided by screening summary,1.0607067910024823,35,1,36,112.87578007039129,4003.2706340349077,2026.8303578916723,5530.824164163059,6381.762023081098,338953.82857142854,"{""ga.elitism_rate"":0.05,""ga.offspring_ratio"":6,""ga.population_size"":360,""ga.restart_generations"":800,""ls.interval"":20,""ls.min_predicted_improvement"":5.0,""ls.neighbors_per_origin"":200,""ls.origin_count"":2,""ls.random_k"":2,""ls.real_eval_limit_per_origin"":10,""ls.top_k"":6,""ls.uncertain_k"":4,""ls.use"":true,""stoch.internal_simulations"":8,""sur.max_training_samples"":5000,""sur.min_real_per_generation"":5,""sur.min_samples_leaf"":5,""sur.n_estimators"":500,""sur.random_fraction"":0.005,""sur.retrain_interval_real_candidates"":75,""sur.top_fraction"":0.01,""sur.uncertain_fraction"":0.005,""sur.warmup_real_candidates"":800}"
6,ok,TPE0055_c4bc9d3ba1,,TPE guided by screening summary,1.0613977929520972,36,0,36,116.4489949678951,4034.601319266128,1985.1624547118745,5673.036540348069,5202.710183421771,392869.44444444444,"{""ga.elitism_rate"":0.05,""ga.offspring_ratio"":6,""ga.population_size"":240,""ga.restart_generations"":1200,""ls.interval"":20,""ls.min_predicted_improvement"":5.0,""ls.neighbors_per_origin"":256,""ls.origin_count"":4,""ls.random_k"":1,""ls.real_eval_limit_per_origin"":10,""ls.top_k"":6,""ls.uncertain_k"":4,""ls.use"":true,""stoch.internal_simulations"":10,""sur.max_training_samples"":8000,""sur.min_real_per_generation"":4,""sur.min_samples_leaf"":7,""sur.n_estimators"":500,""sur.random_fraction"":0.01,""sur.retrain_interval_real_candidates"":150,""sur.top_fraction"":0.01,""sur.uncertain_fraction"":0.01,""sur.warmup_real_candidates"":600}"
7,ok,TPE0057_a08ec21470,,TPE guided by screening summary,1.0620136530824904,35,1,36,113.46898186529705,4043.6778850489172,2036.1623796915242,5657.146069163306,6046.103715821675,384364.8,"{""ga.elitism_rate"":0.05,""ga.offspring_ratio"":6,""ga.population_size"":360,""ga.restart_generations"":800,""ls.interval"":20,""ls.min_predicted_improvement"":5.0,""ls.neighbors_per_origin"":128,""ls.origin_count"":4,""ls.random_k"":4,""ls.real_eval_limit_per_origin"":12,""ls.top_k"":4,""ls.uncertain_k"":4,""ls.use"":true,""stoch.internal_simulations"":8,""sur.max_training_samples"":5000,""sur.min_real_per_generation"":6,""sur.min_samples_leaf"":7,""sur.n_estimators"":200,""sur.random_fraction"":0.005,""sur.retrain_interval_real_candidates"":75,""sur.top_fraction"":0.01,""sur.uncertain_fraction"":0.0075,""sur.warmup_real_candidates"":800}"
8,ok,TPE0071_8834ed6804,,TPE guided by screening summary,1.0621920319061906,35,1,36,111.95138655180985,4022.6000565814566,2002.3897462576567,5562.444472098232,5206.775029250553,414662.0571428572,"{""ga.elitism_rate"":0.05,""ga.offspring_ratio"":6,""ga.population_size"":360,""ga.restart_generations"":800,""ls.interval"":10,""ls.min_predicted_improvement"":2.0,""ls.neighbors_per_origin"":256,""ls.origin_count"":3,""ls.random_k"":2,""ls.real_eval_limit_per_origin"":12,""ls.top_k"":8,""ls.uncertain_k"":6,""ls.use"":true,""stoch.internal_simulations"":12,""sur.max_training_samples"":5000,""sur.min_real_per_generation"":5,""sur.min_samples_leaf"":5,""sur.n_estimators"":200,""sur.random_fraction"":0.0075,""sur.retrain_interval_real_candidates"":75,""sur.top_fraction"":0.01,""sur.uncertain_fraction"":0.005,""sur.warmup_real_candidates"":600}"
9,ok,TPE0016_71d6ed5783,,TPE guided by screening summary,1.0628116200660838,35,1,36,113.14670127250916,4021.95307252477,2053.503728392127,5534.503111002254,5327.841078948974,375617.14285714284,"{""ga.elitism_rate"":0.08,""ga.offspring_ratio"":6,""ga.population_size"":360,""ga.restart_generations"":800,""ls.use"":false,""stoch.internal_simulations"":12,""sur.max_training_samples"":3000,""sur.min_real_per_generation"":5,""sur.min_samples_leaf"":5,""sur.n_estimators"":200,""sur.random_fraction"":0.0025,""sur.retrain_interval_real_candidates"":100,""sur.top_fraction"":0.01,""sur.uncertain_fraction"":0.0075,""sur.warmup_real_candidates"":1000}"
10,ok,TPE0035_de310393fb,,TPE guided by screening summary,1.0630503614488211,36,0,36,112.71734651568323,4068.095704193842,2082.0656434992547,5752.002719886738,4767.073996318712,339125.77777777775,"{""ga.elitism_rate"":0.08,""ga.offspring_ratio"":6,""ga.population_size"":200,""ga.restart_generations"":400,""ls.interval"":20,""ls.min_predicted_improvement"":5.0,""ls.neighbors_per_origin"":200,""ls.origin_count"":2,""ls.random_k"":3,""ls.real_eval_limit_per_origin"":10,""ls.top_k"":6,""ls.uncertain_k"":2,""ls.use"":true,""stoch.internal_simulations"":16,""sur.max_training_samples"":8000,""sur.min_real_per_generation"":5,""sur.min_samples_leaf"":7,""sur.n_estimators"":200,""sur.random_fraction"":0.0025,""sur.retrain_interval_real_candidates"":75,""sur.top_fraction"":0.01,""sur.uncertain_fraction"":0.01,""sur.warmup_real_candidates"":600}"
11,ok,TPE0026_1900683119,,TPE guided by screening summary,1.0635059274374632,35,1,36,113.82508790173898,4061.0014843630515,2045.223260967449,5645.735020477157,6046.782691935131,326339.71428571426,"{""ga.elitism_rate"":0.05,""ga.offspring_ratio"":6,""ga.population_size"":360,""ga.restart_generations"":800,""ls.use"":false,""stoch.internal_simulations"":10,""sur.max_training_samples"":3000,""sur.min_real_per_generation"":8,""sur.min_samples_leaf"":5,""sur.n_estimators"":200,""sur.random_fraction"":0.0025,""sur.retrain_interval_real_candidates"":150,""sur.top_fraction"":0.01,""sur.uncertain_fraction"":0.005,""sur.warmup_real_candidates"":1000}"
12,ok,TPE0039_7d5772850c,,TPE guided by screening summary,1.0645977319283273,35,1,36,112.85413886610434,4020.9626865719065,2069.5097231959503,5513.254016025608,5280.248991005761,439500.1142857143,"{""ga.elitism_rate"":0.05,""ga.offspring_ratio"":6,""ga.population_size"":360,""ga.restart_generations"":800,""ls.interval"":20,""ls.min_predicted_improvement"":0.0,""ls.neighbors_per_origin"":200,""ls.origin_count"":2,""ls.random_k"":2,""ls.real_eval_limit_per_origin"":10,""ls.top_k"":6,""ls.uncertain_k"":6,""ls.use"":true,""stoch.internal_simulations"":8,""sur.max_training_samples"":5000,""sur.min_real_per_generation"":5,""sur.min_samples_leaf"":5,""sur.n_estimators"":200,""sur.random_fraction"":0.005,""sur.retrain_interval_real_candidates"":150,""sur.top_fraction"":0.02,""sur.uncertain_fraction"":0.0075,""sur.warmup_real_candidates"":800}"
13,ok,TPE0061_4e9dca7d96,,TPE guided by screening summary,1.0652546846607032,36,0,36,111.03946796823418,4053.5365829063576,2031.2428535049396,5753.339013180065,6267.747757421599,326656.6666666667,"{""ga.elitism_rate"":0.05,""ga.offspring_ratio"":6,""ga.population_size"":280,""ga.restart_generations"":800,""ls.interval"":10,""ls.min_predicted_improvement"":5.0,""ls.neighbors_per_origin"":200,""ls.origin_count"":4,""ls.random_k"":2,""ls.real_eval_limit_per_origin"":8,""ls.top_k"":6,""ls.uncertain_k"":4,""ls.use"":true,""stoch.internal_simulations"":8,""sur.max_training_samples"":5000,""sur.min_real_per_generation"":5,""sur.min_samples_leaf"":7,""sur.n_estimators"":200,""sur.random_fraction"":0.005,""sur.retrain_interval_real_candidates"":100,""sur.top_fraction"":0.01,""sur.uncertain_fraction"":0.005,""sur.warmup_real_candidates"":800}"
14,ok,TPE0040_f49535ca7b,,TPE guided by screening summary,1.0661948713100147,36,0,36,113.4814835739112,4024.261268547691,1996.003570857271,5597.087269048798,5795.884031295776,321441.6666666667,"{""ga.elitism_rate"":0.05,""ga.offspring_ratio"":6,""ga.population_size"":240,""ga.restart_generations"":800,""ls.interval"":20,""ls.min_predicted_improvement"":2.0,""ls.neighbors_per_origin"":128,""ls.origin_count"":2,""ls.random_k"":4,""ls.real_eval_limit_per_origin"":8,""ls.top_k"":10,""ls.uncertain_k"":4,""ls.use"":true,""stoch.internal_simulations"":10,""sur.max_training_samples"":5000,""sur.min_real_per_generation"":5,""sur.min_samples_leaf"":5,""sur.n_estimators"":200,""sur.random_fraction"":0.005,""sur.retrain_interval_real_candidates"":50,""sur.top_fraction"":0.01,""sur.uncertain_fraction"":0.005,""sur.warmup_real_candidates"":800}"
15,ok,TPE0018_20679282c2,,TPE guided by screening summary,1.0663609395082305,36,0,36,111.77633187820088,4013.391978144394,2043.7831913839323,5612.428070492246,4333.444590813584,370708.44444444444,"{""ga.elitism_rate"":0.08,""ga.offspring_ratio"":6,""ga.population_size"":200,""ga.restart_generations"":400,""ls.use"":false,""stoch.internal_simulations"":16,""sur.max_training_samples"":5000,""sur.min_real_per_generation"":5,""sur.min_samples_leaf"":3,""sur.n_estimators"":200,""sur.random_fraction"":0.01,""sur.retrain_interval_real_candidates"":75,""sur.top_fraction"":0.01,""sur.uncertain_fraction"":0.01,""sur.warmup_real_candidates"":800}"
16,ok,TPE0001_05570c1267,,TPE guided by screening summary,1.066364353261332,36,0,36,111.95313528677084,3991.936197389631,2049.308961298004,5565.699923557588,4918.318833457099,431477.3333333333,"{""ga.elitism_rate"":0.05,""ga.offspring_ratio"":5,""ga.population_size"":240,""ga.restart_generations"":1200,""ls.interval"":15,""ls.min_predicted_improvement"":5.0,""ls.neighbors_per_origin"":128,""ls.origin_count"":2,""ls.random_k"":1,""ls.real_eval_limit_per_origin"":12,""ls.top_k"":8,""ls.uncertain_k"":6,""ls.use"":true,""stoch.internal_simulations"":12,""sur.max_training_samples"":8000,""sur.min_real_per_generation"":5,""sur.min_samples_leaf"":7,""sur.n_estimators"":500,""sur.random_fraction"":0.01,""sur.retrain_interval_real_candidates"":150,""sur.top_fraction"":0.01,""sur.uncertain_fraction"":0.01,""sur.warmup_real_candidates"":1200}"
17,ok,TPE0002_0546aea869,,TPE guided by screening summary,1.066449141413787,36,0,36,112.02860089538316,4033.1197687136605,2024.8796972437376,5663.915974038735,4735.269680433803,411798.6666666667,"{""ga.elitism_rate"":0.08,""ga.offspring_ratio"":6,""ga.population_size"":200,""ga.restart_generations"":400,""ls.interval"":20,""ls.min_predicted_improvement"":2.0,""ls.neighbors_per_origin"":256,""ls.origin_count"":3,""ls.random_k"":1,""ls.real_eval_limit_per_origin"":16,""ls.top_k"":8,""ls.uncertain_k"":6,""ls.use"":true,""stoch.internal_simulations"":16,""sur.max_training_samples"":8000,""sur.min_real_per_generation"":5,""sur.min_samples_leaf"":3,""sur.n_estimators"":400,""sur.random_fraction"":0.01,""sur.retrain_interval_real_candidates"":75,""sur.top_fraction"":0.01,""sur.uncertain_fraction"":0.0075,""sur.warmup_real_candidates"":600}"
18,ok,TPE0053_d0d22332ab,,TPE guided by screening summary,1.0666860925622164,36,0,36,110.59796851775268,3968.825429663524,2122.3072424001675,5480.171743008238,4688.81190627151,470390,"{""ga.elitism_rate"":0.05,""ga.offspring_ratio"":6,""ga.population_size"":280,""ga.restart_generations"":1200,""ls.interval"":20,""ls.min_predicted_improvement"":5.0,""ls.neighbors_per_origin"":256,""ls.origin_count"":2,""ls.random_k"":2,""ls.real_eval_limit_per_origin"":10,""ls.top_k"":10,""ls.uncertain_k"":4,""ls.use"":true,""stoch.internal_simulations"":12,""sur.max_training_samples"":3000,""sur.min_real_per_generation"":4,""sur.min_samples_leaf"":7,""sur.n_estimators"":500,""sur.random_fraction"":0.01,""sur.retrain_interval_real_candidates"":150,""sur.top_fraction"":0.01,""sur.uncertain_fraction"":0.01,""sur.warmup_real_candidates"":1200}"
19,ok,TPE0044_d2efc37048,,TPE guided by screening summary,1.0671414424108074,36,0,36,113.2514830490309,3957.4935719767873,2046.7688801109207,5504.528008527955,5310.332144962416,379815.3333333333,"{""ga.elitism_rate"":0.05,""ga.offspring_ratio"":5,""ga.population_size"":360,""ga.restart_generations"":1200,""ls.interval"":15,""ls.min_predicted_improvement"":5.0,""ls.neighbors_per_origin"":256,""ls.origin_count"":2,""ls.random_k"":1,""ls.real_eval_limit_per_origin"":8,""ls.top_k"":8,""ls.uncertain_k"":6,""ls.use"":true,""stoch.internal_simulations"":8,""sur.max_training_samples"":8000,""sur.min_real_per_generation"":4,""sur.min_samples_leaf"":7,""sur.n_estimators"":500,""sur.random_fraction"":0.0075,""sur.retrain_interval_real_candidates"":150,""sur.top_fraction"":0.02,""sur.uncertain_fraction"":0.01,""sur.warmup_real_candidates"":1200}"
20,ok,TPE0070_e445b1132a,,TPE guided by screening summary,1.0677028494879781,36,0,36,112.89834953056267,3994.107740196506,2055.8342504120205,5605.604272616389,4297.306660758124,477880.44444444444,"{""ga.elitism_rate"":0.05,""ga.offspring_ratio"":5,""ga.population_size"":240,""ga.restart_generations"":1200,""ls.interval"":15,""ls.min_predicted_improvement"":5.0,""ls.neighbors_per_origin"":128,""ls.origin_count"":2,""ls.random_k"":2,""ls.real_eval_limit_per_origin"":10,""ls.top_k"":6,""ls.uncertain_k"":4,""ls.use"":true,""stoch.internal_simulations"":16,""sur.max_training_samples"":8000,""sur.min_real_per_generation"":4,""sur.min_samples_leaf"":7,""sur.n_estimators"":500,""sur.random_fraction"":0.0075,""sur.retrain_interval_real_candidates"":75,""sur.top_fraction"":0.01,""sur.uncertain_fraction"":0.01,""sur.warmup_real_candidates"":1200}"
21,ok,TPE0045_8a0935524b,,TPE guided by screening summary,1.0686750294660463,35,1,36,110.47355295338296,4032.4075631805345,2043.6943483735004,5568.43781203389,4264.098425803866,450570.85714285716,"{""ga.elitism_rate"":0.05,""ga.offspring_ratio"":6,""ga.population_size"":360,""ga.restart_generations"":800,""ls.interval"":15,""ls.min_predicted_improvement"":5.0,""ls.neighbors_per_origin"":256,""ls.origin_count"":2,""ls.random_k"":1,""ls.real_eval_limit_per_origin"":12,""ls.top_k"":10,""ls.uncertain_k"":6,""ls.use"":true,""stoch.internal_simulations"":12,""sur.max_training_samples"":3000,""sur.min_real_per_generation"":6,""sur.min_samples_leaf"":3,""sur.n_estimators"":400,""sur.random_fraction"":0.005,""sur.retrain_interval_real_candidates"":75,""sur.top_fraction"":0.02,""sur.uncertain_fraction"":0.01,""sur.warmup_real_candidates"":1200}"
22,ok,TPE0008_5304bc7c41,,TPE guided by screening summary,1.0687705238065492,36,0,36,111.93552785354542,3983.572377751553,2048.0684415093506,5493.562748671228,4127.169979453087,470800.6666666667,"{""ga.elitism_rate"":0.05,""ga.offspring_ratio"":6,""ga.population_size"":280,""ga.restart_generations"":800,""ls.interval"":10,""ls.min_predicted_improvement"":0.0,""ls.neighbors_per_origin"":256,""ls.origin_count"":3,""ls.random_k"":2,""ls.real_eval_limit_per_origin"":16,""ls.top_k"":8,""ls.uncertain_k"":6,""ls.use"":true,""stoch.internal_simulations"":12,""sur.max_training_samples"":3000,""sur.min_real_per_generation"":8,""sur.min_samples_leaf"":7,""sur.n_estimators"":500,""sur.random_fraction"":0.005,""sur.retrain_interval_real_candidates"":50,""sur.top_fraction"":0.03,""sur.uncertain_fraction"":0.01,""sur.warmup_real_candidates"":1200}"
23,ok,TPE0030_c72af24f75,,TPE guided by screening summary,1.0689229392693949,35,1,36,112.51184236168827,4044.0111501321776,2106.5932893474555,5542.711818821389,6451.5736523968835,347673.6,"{""ga.elitism_rate"":0.05,""ga.offspring_ratio"":6,""ga.population_size"":360,""ga.restart_generations"":800,""ls.interval"":20,""ls.min_predicted_improvement"":2.0,""ls.neighbors_per_origin"":256,""ls.origin_count"":2,""ls.random_k"":2,""ls.real_eval_limit_per_origin"":8,""ls.top_k"":6,""ls.uncertain_k"":4,""ls.use"":true,""stoch.internal_simulations"":8,""sur.max_training_samples"":8000,""sur.min_real_per_generation"":5,""sur.min_samples_leaf"":5,""sur.n_estimators"":200,""sur.random_fraction"":0.0025,""sur.retrain_interval_real_candidates"":100,""sur.top_fraction"":0.01,""sur.uncertain_fraction"":0.005,""sur.warmup_real_candidates"":800}"
24,ok,TPE0028_6a910f6f39,,TPE guided by screening summary,1.0694125199138063,36,0,36,112.74925287205193,4050.0535107339697,2065.0423186815074,5731.088885765354,4152.449790828758,422635,"{""ga.elitism_rate"":0.05,""ga.offspring_ratio"":5,""ga.population_size"":240,""ga.restart_generations"":1200,""ls.interval"":10,""ls.min_predicted_improvement"":2.0,""ls.neighbors_per_origin"":256,""ls.origin_count"":3,""ls.random_k"":1,""ls.real_eval_limit_per_origin"":10,""ls.top_k"":8,""ls.uncertain_k"":6,""ls.use"":true,""stoch.internal_simulations"":12,""sur.max_training_samples"":5000,""sur.min_real_per_generation"":4,""sur.min_samples_leaf"":7,""sur.n_estimators"":200,""sur.random_fraction"":0.01,""sur.retrain_interval_real_candidates"":150,""sur.top_fraction"":0.02,""sur.uncertain_fraction"":0.01,""sur.warmup_real_candidates"":1200}"
25,ok,TPE0054_ec5b9a954b,,TPE guided by screening summary,1.069675524012278,35,1,36,112.66267410013972,4057.4876901006237,2003.2670126832477,5605.898283086378,5827.581925317219,373650.5714285714,"{""ga.elitism_rate"":0.05,""ga.offspring_ratio"":6,""ga.population_size"":360,""ga.restart_generations"":800,""ls.use"":false,""stoch.internal_simulations"":10,""sur.max_training_samples"":8000,""sur.min_real_per_generation"":5,""sur.min_samples_leaf"":7,""sur.n_estimators"":200,""sur.random_fraction"":0.0025,""sur.retrain_interval_real_candidates"":100,""sur.top_fraction"":0.01,""sur.uncertain_fraction"":0.0075,""sur.warmup_real_candidates"":800}"
26,ok,TPE0021_1adb680cd5,,TPE guided by screening summary,1.0697930828434683,36,0,36,109.94409726088595,4079.3577585658345,2129.3763508222173,5764.98986023024,5091.714065723949,316424.6666666667,"{""ga.elitism_rate"":0.05,""ga.offspring_ratio"":6,""ga.population_size"":200,""ga.restart_generations"":400,""ls.interval"":20,""ls.min_predicted_improvement"":5.0,""ls.neighbors_per_origin"":200,""ls.origin_count"":2,""ls.random_k"":1,""ls.real_eval_limit_per_origin"":16,""ls.top_k"":6,""ls.uncertain_k"":4,""ls.use"":true,""stoch.internal_simulations"":8,""sur.max_training_samples"":8000,""sur.min_real_per_generation"":5,""sur.min_samples_leaf"":3,""sur.n_estimators"":200,""sur.random_fraction"":0.01,""sur.retrain_interval_real_candidates"":75,""sur.top_fraction"":0.03,""sur.uncertain_fraction"":0.0025,""sur.warmup_real_candidates"":600}"
27,ok,TPE0029_7daf9d0e03,,TPE guided by screening summary,1.0700239970758008,36,0,36,112.26324028125511,4026.1460855494656,2038.520219747185,5625.220322508962,4481.195426411099,447589.3333333333,"{""ga.elitism_rate"":0.08,""ga.offspring_ratio"":6,""ga.population_size"":200,""ga.restart_generations"":1200,""ls.interval"":10,""ls.min_predicted_improvement"":2.0,""ls.neighbors_per_origin"":256,""ls.origin_count"":2,""ls.random_k"":3,""ls.real_eval_limit_per_origin"":16,""ls.top_k"":8,""ls.uncertain_k"":6,""ls.use"":true,""stoch.internal_simulations"":16,""sur.max_training_samples"":8000,""sur.min_real_per_generation"":5,""sur.min_samples_leaf"":3,""sur.n_estimators"":200,""sur.random_fraction"":0.01,""sur.retrain_interval_real_candidates"":75,""sur.top_fraction"":0.01,""sur.uncertain_fraction"":0.0025,""sur.warmup_real_candidates"":800}"
28,ok,TPE0003_2baf28d79f,,TPE guided by screening summary,1.0704125766350499,35,1,36,112.6373803247218,4017.690137171136,2024.3409033547694,5509.1294278466075,4321.244592462267,471808.1142857143,"{""ga.elitism_rate"":0.05,""ga.offspring_ratio"":6,""ga.population_size"":360,""ga.restart_generations"":800,""ls.interval"":20,""ls.min_predicted_improvement"":5.0,""ls.neighbors_per_origin"":128,""ls.origin_count"":2,""ls.random_k"":4,""ls.real_eval_limit_per_origin"":8,""ls.top_k"":4,""ls.uncertain_k"":4,""ls.use"":true,""stoch.internal_simulations"":12,""sur.max_training_samples"":3000,""sur.min_real_per_generation"":8,""sur.min_samples_leaf"":3,""sur.n_estimators"":500,""sur.random_fraction"":0.005,""sur.retrain_interval_real_candidates"":75,""sur.top_fraction"":0.03,""sur.uncertain_fraction"":0.0025,""sur.warmup_real_candidates"":800}"
29,ok,TPE0010_2cf129a54e,,TPE guided by screening summary,1.071309787228289,36,0,36,109.94401865030486,4066.48560945768,1967.4509833171376,5688.099288394235,5136.276847541332,384289.77777777775,"{""ga.elitism_rate"":0.1,""ga.offspring_ratio"":6,""ga.population_size"":200,""ga.restart_generations"":400,""ls.interval"":10,""ls.min_predicted_improvement"":2.0,""ls.neighbors_per_origin"":256,""ls.origin_count"":3,""ls.random_k"":1,""ls.real_eval_limit_per_origin"":16,""ls.top_k"":4,""ls.uncertain_k"":6,""ls.use"":true,""stoch.internal_simulations"":16,""sur.max_training_samples"":8000,""sur.min_real_per_generation"":5,""sur.min_samples_leaf"":3,""sur.n_estimators"":200,""sur.random_fraction"":0.005,""sur.retrain_interval_real_candidates"":75,""sur.top_fraction"":0.01,""sur.uncertain_fraction"":0.0025,""sur.warmup_real_candidates"":600}"
30,ok,TPE0031_35e764fb97,,TPE guided by screening summary,1.0716922144301482,36,0,36,113.94585062116057,4061.340234729744,2090.872183288485,5698.333838170374,5038.39313081238,383816.3333333333,"{""ga.elitism_rate"":0.05,""ga.offspring_ratio"":5,""ga.population_size"":240,""ga.restart_generations"":1200,""ls.interval"":10,""ls.min_predicted_improvement"":5.0,""ls.neighbors_per_origin"":128,""ls.origin_count"":2,""ls.random_k"":4,""ls.real_eval_limit_per_origin"":8,""ls.top_k"":4,""ls.uncertain_k"":6,""ls.use"":true,""stoch.internal_simulations"":12,""sur.max_training_samples"":3000,""sur.min_real_per_generation"":4,""sur.min_samples_leaf"":7,""sur.n_estimators"":500,""sur.random_fraction"":0.0075,""sur.retrain_interval_real_candidates"":150,""sur.top_fraction"":0.01,""sur.uncertain_fraction"":0.0075,""sur.warmup_real_candidates"":1200}"
31,ok,TPE0043_3e1c4cc84d,,TPE guided by screening summary,1.0718479893511008,36,0,36,109.99122708739192,4059.6421312226507,2147.6705635109292,5713.74930560715,4946.251018000974,338691.1111111111,"{""ga.elitism_rate"":0.05,""ga.offspring_ratio"":6,""ga.population_size"":160,""ga.restart_generations"":400,""ls.interval"":20,""ls.min_predicted_improvement"":5.0,""ls.neighbors_per_origin"":200,""ls.origin_count"":2,""ls.random_k"":4,""ls.real_eval_limit_per_origin"":12,""ls.top_k"":10,""ls.uncertain_k"":4,""ls.use"":true,""stoch.internal_simulations"":16,""sur.max_training_samples"":8000,""sur.min_real_per_generation"":5,""sur.min_samples_leaf"":5,""sur.n_estimators"":500,""sur.random_fraction"":0.01,""sur.retrain_interval_real_candidates"":75,""sur.top_fraction"":0.01,""sur.uncertain_fraction"":0.0025,""sur.warmup_real_candidates"":600}"
32,ok,TPE0032_51f02ee884,,TPE guided by screening summary,1.0720974657773286,35,1,36,112.69853080251522,4070.031278330837,2028.7101224023272,5631.48714705239,6252.4992630073,312509.2571428571,"{""ga.elitism_rate"":0.05,""ga.offspring_ratio"":6,""ga.population_size"":360,""ga.restart_generations"":800,""ls.use"":false,""stoch.internal_simulations"":8,""sur.max_training_samples"":5000,""sur.min_real_per_generation"":5,""sur.min_samples_leaf"":3,""sur.n_estimators"":200,""sur.random_fraction"":0.005,""sur.retrain_interval_real_candidates"":75,""sur.top_fraction"":0.01,""sur.uncertain_fraction"":0.005,""sur.warmup_real_candidates"":600}"
33,ok,TPE0007_40400e4091,,TPE guided by screening summary,1.072393787605828,36,0,36,109.40604040080505,4075.607422811487,2064.79239209544,5709.180926134301,5797.77833678325,329973.6111111111,"{""ga.elitism_rate"":0.05,""ga.offspring_ratio"":6,""ga.population_size"":200,""ga.restart_generations"":800,""ls.use"":false,""stoch.internal_simulations"":10,""sur.max_training_samples"":5000,""sur.min_real_per_generation"":5,""sur.min_samples_leaf"":5,""sur.n_estimators"":200,""sur.random_fraction"":0.0025,""sur.retrain_interval_real_candidates"":100,""sur.top_fraction"":0.01,""sur.uncertain_fraction"":0.0075,""sur.warmup_real_candidates"":1000}"
34,ok,TPE0063_1c46e24337,,TPE guided by screening summary,1.0724629372469547,36,0,36,111.72168915632022,4062.0338957573763,1987.7175541396105,5721.314033812692,4336.339441332552,412766.22222222225,"{""ga.elitism_rate"":0.08,""ga.offspring_ratio"":6,""ga.population_size"":200,""ga.restart_generations"":400,""ls.interval"":15,""ls.min_predicted_improvement"":5.0,""ls.neighbors_per_origin"":128,""ls.origin_count"":4,""ls.random_k"":4,""ls.real_eval_limit_per_origin"":8,""ls.top_k"":4,""ls.uncertain_k"":4,""ls.use"":true,""stoch.internal_simulations"":16,""sur.max_training_samples"":8000,""sur.min_real_per_generation"":4,""sur.min_samples_leaf"":3,""sur.n_estimators"":200,""sur.random_fraction"":0.01,""sur.retrain_interval_real_candidates"":75,""sur.top_fraction"":0.01,""sur.uncertain_fraction"":0.01,""sur.warmup_real_candidates"":1000}"
35,ok,TPE0020_93b551a807,,TPE guided by screening summary,1.0728437786623264,36,0,36,110.26597354690783,4107.11544669564,2001.2089293697748,5851.931157731801,4318.4354540507,445410.22222222225,"{""ga.elitism_rate"":0.05,""ga.offspring_ratio"":5,""ga.population_size"":160,""ga.restart_generations"":1200,""ls.interval"":20,""ls.min_predicted_improvement"":5.0,""ls.neighbors_per_origin"":200,""ls.origin_count"":4,""ls.random_k"":2,""ls.real_eval_limit_per_origin"":12,""ls.top_k"":6,""ls.uncertain_k"":6,""ls.use"":true,""stoch.internal_simulations"":16,""sur.max_training_samples"":8000,""sur.min_real_per_generation"":4,""sur.min_samples_leaf"":7,""sur.n_estimators"":500,""sur.random_fraction"":0.01,""sur.retrain_interval_real_candidates"":150,""sur.top_fraction"":0.01,""sur.uncertain_fraction"":0.01,""sur.warmup_real_candidates"":1000}"
36,ok,TPE0060_ddfa3cc217,,TPE guided by screening summary,1.0730218395789923,36,0,36,119.45859995385574,4101.796459852294,2021.0322496561835,5786.694013042955,5146.689769513077,366750.3333333333,"{""ga.elitism_rate"":0.05,""ga.offspring_ratio"":5,""ga.population_size"":240,""ga.restart_generations"":800,""ls.interval"":20,""ls.min_predicted_improvement"":5.0,""ls.neighbors_per_origin"":200,""ls.origin_count"":2,""ls.random_k"":3,""ls.real_eval_limit_per_origin"":8,""ls.top_k"":4,""ls.uncertain_k"":4,""ls.use"":true,""stoch.internal_simulations"":12,""sur.max_training_samples"":8000,""sur.min_real_per_generation"":4,""sur.min_samples_leaf"":5,""sur.n_estimators"":500,""sur.random_fraction"":0.01,""sur.retrain_interval_real_candidates"":50,""sur.top_fraction"":0.01,""sur.uncertain_fraction"":0.01,""sur.warmup_real_candidates"":1200}"
37,ok,TPE0036_0e97a97cd8,,TPE guided by screening summary,1.0731165278228911,36,0,36,110.95151143135809,4100.6768762203,2101.7982270488783,5784.903578423178,6357.964693036344,351503.6111111111,"{""ga.elitism_rate"":0.08,""ga.offspring_ratio"":6,""ga.population_size"":200,""ga.restart_generations"":400,""ls.interval"":20,""ls.min_predicted_improvement"":5.0,""ls.neighbors_per_origin"":256,""ls.origin_count"":3,""ls.random_k"":4,""ls.real_eval_limit_per_origin"":8,""ls.top_k"":4,""ls.uncertain_k"":4,""ls.use"":true,""stoch.internal_simulations"":10,""sur.max_training_samples"":8000,""sur.min_real_per_generation"":5,""sur.min_samples_leaf"":3,""sur.n_estimators"":200,""sur.random_fraction"":0.0025,""sur.retrain_interval_real_candidates"":75,""sur.top_fraction"":0.01,""sur.uncertain_fraction"":0.0025,""sur.warmup_real_candidates"":1000}"
38,ok,TPE0049_2c33be45d7,,TPE guided by screening summary,1.073797955418356,35,1,36,110.5678519942298,4070.077529329726,2022.3265513734354,5591.781178626248,4034.5376947471073,478311.77142857143,"{""ga.elitism_rate"":0.05,""ga.offspring_ratio"":6,""ga.population_size"":360,""ga.restart_generations"":800,""ls.interval"":10,""ls.min_predicted_improvement"":2.0,""ls.neighbors_per_origin"":256,""ls.origin_count"":3,""ls.random_k"":4,""ls.real_eval_limit_per_origin"":16,""ls.top_k"":10,""ls.uncertain_k"":6,""ls.use"":true,""stoch.internal_simulations"":12,""sur.max_training_samples"":8000,""sur.min_real_per_generation"":5,""sur.min_samples_leaf"":3,""sur.n_estimators"":300,""sur.random_fraction"":0.005,""sur.retrain_interval_real_candidates"":75,""sur.top_fraction"":0.03,""sur.uncertain_fraction"":0.01,""sur.warmup_real_candidates"":1200}"
39,ok,TPE0067_21c7c037bb,,TPE guided by screening summary,1.073941928091057,36,0,36,112.70407169618429,4045.74738652158,2011.4854028513757,5637.749022624434,4722.381014737818,379284.8888888889,"{""ga.elitism_rate"":0.08,""ga.offspring_ratio"":6,""ga.population_size"":200,""ga.restart_generations"":400,""ls.interval"":10,""ls.min_predicted_improvement"":2.0,""ls.neighbors_per_origin"":256,""ls.origin_count"":3,""ls.random_k"":4,""ls.real_eval_limit_per_origin"":8,""ls.top_k"":8,""ls.uncertain_k"":4,""ls.use"":true,""stoch.internal_simulations"":16,""sur.max_training_samples"":8000,""sur.min_real_per_generation"":5,""sur.min_samples_leaf"":5,""sur.n_estimators"":300,""sur.random_fraction"":0.01,""sur.retrain_interval_real_candidates"":100,""sur.top_fraction"":0.01,""sur.uncertain_fraction"":0.0025,""sur.warmup_real_candidates"":600}"
40,ok,TPE0065_29ce705a54,,TPE guided by screening summary,1.0741529801027059,35,1,36,112.41563736348716,4093.435381869511,2057.131028044758,5652.375387661108,5743.7022660323555,364342.6285714286,"{""ga.elitism_rate"":0.1,""ga.offspring_ratio"":6,""ga.population_size"":360,""ga.restart_generations"":800,""ls.interval"":20,""ls.min_predicted_improvement"":5.0,""ls.neighbors_per_origin"":128,""ls.origin_count"":2,""ls.random_k"":4,""ls.real_eval_limit_per_origin"":8,""ls.top_k"":6,""ls.uncertain_k"":2,""ls.use"":true,""stoch.internal_simulations"":12,""sur.max_training_samples"":3000,""sur.min_real_per_generation"":8,""sur.min_samples_leaf"":7,""sur.n_estimators"":500,""sur.random_fraction"":0.005,""sur.retrain_interval_real_candidates"":75,""sur.top_fraction"":0.01,""sur.uncertain_fraction"":0.0025,""sur.warmup_real_candidates"":1200}"
41,ok,TPE0072_e2956f4658,,TPE guided by screening summary,1.0745770186416967,35,1,36,112.97426215556509,4081.7403113709483,2061.817131593513,5683.320461951882,3859.611305611474,461545.14285714284,"{""ga.elitism_rate"":0.05,""ga.offspring_ratio"":6,""ga.population_size"":360,""ga.restart_generations"":800,""ls.interval"":10,""ls.min_predicted_improvement"":5.0,""ls.neighbors_per_origin"":128,""ls.origin_count"":2,""ls.random_k"":1,""ls.real_eval_limit_per_origin"":8,""ls.top_k"":4,""ls.uncertain_k"":4,""ls.use"":true,""stoch.internal_simulations"":16,""sur.max_training_samples"":3000,""sur.min_real_per_generation"":8,""sur.min_samples_leaf"":3,""sur.n_estimators"":500,""sur.random_fraction"":0.005,""sur.retrain_interval_real_candidates"":100,""sur.top_fraction"":0.02,""sur.uncertain_fraction"":0.01,""sur.warmup_real_candidates"":1200}"
42,ok,TPE0047_bc212ecb55,,TPE guided by screening summary,1.0746557515787716,36,0,36,110.1070534020153,4111.226785441156,2029.019645225148,5818.32207003619,4352.490171584818,358807.1111111111,"{""ga.elitism_rate"":0.08,""ga.offspring_ratio"":6,""ga.population_size"":160,""ga.restart_generations"":400,""ls.interval"":15,""ls.min_predicted_improvement"":5.0,""ls.neighbors_per_origin"":256,""ls.origin_count"":2,""ls.random_k"":2,""ls.real_eval_limit_per_origin"":16,""ls.top_k"":8,""ls.uncertain_k"":6,""ls.use"":true,""stoch.internal_simulations"":16,""sur.max_training_samples"":8000,""sur.min_real_per_generation"":5,""sur.min_samples_leaf"":3,""sur.n_estimators"":200,""sur.random_fraction"":0.01,""sur.retrain_interval_real_candidates"":75,""sur.top_fraction"":0.015,""sur.uncertain_fraction"":0.0025,""sur.warmup_real_candidates"":600}"
43,ok,TPE0069_4354fced5e,,TPE guided by screening summary,1.0746582138137757,36,0,36,113.80696817382703,4046.838979327558,1990.0336289397433,5690.763193190089,4502.573724892404,433929.6666666667,"{""ga.elitism_rate"":0.05,""ga.offspring_ratio"":5,""ga.population_size"":200,""ga.restart_generations"":1200,""ls.use"":false,""stoch.internal_simulations"":12,""sur.max_training_samples"":8000,""sur.min_real_per_generation"":4,""sur.min_samples_leaf"":7,""sur.n_estimators"":500,""sur.random_fraction"":0.01,""sur.retrain_interval_real_candidates"":50,""sur.top_fraction"":0.02,""sur.uncertain_fraction"":0.01,""sur.warmup_real_candidates"":1200}"
44,ok,TPE0017_0a28dee002,,TPE guided by screening summary,1.0757909547173403,36,0,36,111.42974386736245,4035.4137317086543,2086.368588982097,5582.352835363793,6958.062839607398,249349.16666666666,"{""ga.elitism_rate"":0.05,""ga.offspring_ratio"":4,""ga.population_size"":360,""ga.restart_generations"":800,""ls.interval"":30,""ls.min_predicted_improvement"":5.0,""ls.neighbors_per_origin"":200,""ls.origin_count"":2,""ls.random_k"":2,""ls.real_eval_limit_per_origin"":8,""ls.top_k"":4,""ls.uncertain_k"":4,""ls.use"":true,""stoch.internal_simulations"":10,""sur.max_training_samples"":3000,""sur.min_real_per_generation"":5,""sur.min_samples_leaf"":5,""sur.n_estimators"":200,""sur.random_fraction"":0.0025,""sur.retrain_interval_real_candidates"":100,""sur.top_fraction"":0.01,""sur.uncertain_fraction"":0.0075,""sur.warmup_real_candidates"":600}"
45,ok,TPE0058_7b1f4d987c,,TPE guided by screening summary,1.0762965952702395,35,1,36,111.30190857448461,4019.0271292532966,2109.732229322518,5485.2565321779775,4524.201487377712,415279.71428571426,"{""ga.elitism_rate"":0.05,""ga.offspring_ratio"":6,""ga.population_size"":360,""ga.restart_generations"":800,""ls.use"":false,""stoch.internal_simulations"":10,""sur.max_training_samples"":3000,""sur.min_real_per_generation"":5,""sur.min_samples_leaf"":5,""sur.n_estimators"":300,""sur.random_fraction"":0.01,""sur.retrain_interval_real_candidates"":100,""sur.top_fraction"":0.02,""sur.uncertain_fraction"":0.0075,""sur.warmup_real_candidates"":1200}"
46,ok,TPE0041_c136aa4de1,,TPE guided by screening summary,1.076587569897284,36,0,36,118.11717131309143,4042.5922356570877,2039.836077367654,5665.926810815854,4387.788163642089,460424.3333333333,"{""ga.elitism_rate"":0.08,""ga.offspring_ratio"":6,""ga.population_size"":240,""ga.restart_generations"":1200,""ls.interval"":20,""ls.min_predicted_improvement"":0.0,""ls.neighbors_per_origin"":128,""ls.origin_count"":2,""ls.random_k"":4,""ls.real_eval_limit_per_origin"":10,""ls.top_k"":6,""ls.uncertain_k"":4,""ls.use"":true,""stoch.internal_simulations"":12,""sur.max_training_samples"":8000,""sur.min_real_per_generation"":4,""sur.min_samples_leaf"":7,""sur.n_estimators"":500,""sur.random_fraction"":0.01,""sur.retrain_interval_real_candidates"":150,""sur.top_fraction"":0.015,""sur.uncertain_fraction"":0.01,""sur.warmup_real_candidates"":1200}"
47,ok,TPE0038_09b34ad5a2,,TPE guided by screening summary,1.0777146968201254,36,0,36,111.54144703626349,4057.255577783915,2060.032276135352,5663.978664650589,5445.659425841437,354583.6111111111,"{""ga.elitism_rate"":0.05,""ga.offspring_ratio"":6,""ga.population_size"":360,""ga.restart_generations"":400,""ls.use"":false,""stoch.internal_simulations"":10,""sur.max_training_samples"":3000,""sur.min_real_per_generation"":5,""sur.min_samples_leaf"":3,""sur.n_estimators"":200,""sur.random_fraction"":0.0025,""sur.retrain_interval_real_candidates"":100,""sur.top_fraction"":0.015,""sur.uncertain_fraction"":0.0075,""sur.warmup_real_candidates"":1000}"
48,ok,TPE0052_a123b1b99d,,TPE guided by screening summary,1.0779114755470278,36,0,36,117.81646822840064,4075.481362289755,2050.404257553732,5686.170764342352,5385.005862633388,344006.6666666667,"{""ga.elitism_rate"":0.05,""ga.offspring_ratio"":4,""ga.population_size"":240,""ga.restart_generations"":800,""ls.interval"":30,""ls.min_predicted_improvement"":2.0,""ls.neighbors_per_origin"":200,""ls.origin_count"":2,""ls.random_k"":2,""ls.real_eval_limit_per_origin"":10,""ls.top_k"":6,""ls.uncertain_k"":4,""ls.use"":true,""stoch.internal_simulations"":12,""sur.max_training_samples"":8000,""sur.min_real_per_generation"":4,""sur.min_samples_leaf"":7,""sur.n_estimators"":500,""sur.random_fraction"":0.01,""sur.retrain_interval_real_candidates"":75,""sur.top_fraction"":0.01,""sur.uncertain_fraction"":0.005,""sur.warmup_real_candidates"":1200}"
49,ok,TPE0046_0f0d8fa409,,TPE guided by screening summary,1.078877024012622,36,0,36,116.5326578074226,4049.562921984245,2060.5402737271606,5645.156007478625,4700.810054957867,394602.6666666667,"{""ga.elitism_rate"":0.05,""ga.offspring_ratio"":5,""ga.population_size"":240,""ga.restart_generations"":1200,""ls.interval"":10,""ls.min_predicted_improvement"":2.0,""ls.neighbors_per_origin"":256,""ls.origin_count"":4,""ls.random_k"":1,""ls.real_eval_limit_per_origin"":16,""ls.top_k"":8,""ls.uncertain_k"":6,""ls.use"":true,""stoch.internal_simulations"":12,""sur.max_training_samples"":8000,""sur.min_real_per_generation"":6,""sur.min_samples_leaf"":2,""sur.n_estimators"":200,""sur.random_fraction"":0.01,""sur.retrain_interval_real_candidates"":150,""sur.top_fraction"":0.01,""sur.uncertain_fraction"":0.01,""sur.warmup_real_candidates"":600}"
50,ok,TPE0037_eb4e62983e,,TPE guided by screening summary,1.0794503035761427,36,0,36,112.62285508389276,4027.565601178336,2047.918953946471,5546.155193648371,3824.971662375662,453817,"{""ga.elitism_rate"":0.05,""ga.offspring_ratio"":6,""ga.population_size"":360,""ga.restart_generations"":1200,""ls.interval"":20,""ls.min_predicted_improvement"":0.0,""ls.neighbors_per_origin"":128,""ls.origin_count"":2,""ls.random_k"":4,""ls.real_eval_limit_per_origin"":8,""ls.top_k"":4,""ls.uncertain_k"":2,""ls.use"":true,""stoch.internal_simulations"":12,""sur.max_training_samples"":3000,""sur.min_real_per_generation"":8,""sur.min_samples_leaf"":3,""sur.n_estimators"":200,""sur.random_fraction"":0.01,""sur.retrain_interval_real_candidates"":75,""sur.top_fraction"":0.03,""sur.uncertain_fraction"":0.0075,""sur.warmup_real_candidates"":1200}"
51,ok,TPE0014_27a138f024,,TPE guided by screening summary,1.0794560845391723,36,0,36,110.54829349744124,4078.466253305686,2086.4323678130636,5685.805975047304,4729.08012794786,408995.3333333333,"{""ga.elitism_rate"":0.08,""ga.offspring_ratio"":5,""ga.population_size"":240,""ga.restart_generations"":1200,""ls.use"":false,""stoch.internal_simulations"":12,""sur.max_training_samples"":3000,""sur.min_real_per_generation"":4,""sur.min_samples_leaf"":7,""sur.n_estimators"":400,""sur.random_fraction"":0.01,""sur.retrain_interval_real_candidates"":150,""sur.top_fraction"":0.01,""sur.uncertain_fraction"":0.01,""sur.warmup_real_candidates"":1200}"
52,ok,TPE0050_4ab5a3c91c,,TPE guided by screening summary,1.0794977517297126,36,0,36,112.69435762965423,4007.466154316915,2099.679876489292,5478.332122123134,4967.051181144185,368018.6666666667,"{""ga.elitism_rate"":0.05,""ga.offspring_ratio"":5,""ga.population_size"":360,""ga.restart_generations"":400,""ls.interval"":30,""ls.min_predicted_improvement"":5.0,""ls.neighbors_per_origin"":256,""ls.origin_count"":2,""ls.random_k"":2,""ls.real_eval_limit_per_origin"":10,""ls.top_k"":8,""ls.uncertain_k"":4,""ls.use"":true,""stoch.internal_simulations"":12,""sur.max_training_samples"":8000,""sur.min_real_per_generation"":4,""sur.min_samples_leaf"":7,""sur.n_estimators"":400,""sur.random_fraction"":0.01,""sur.retrain_interval_real_candidates"":150,""sur.top_fraction"":0.01,""sur.uncertain_fraction"":0.01,""sur.warmup_real_candidates"":1200}"
53,ok,TPE0059_4e6a941fff,,TPE guided by screening summary,1.0796561370630604,36,0,36,111.80021844128822,4048.3753927678677,2096.9893758205912,5627.356920994123,5581.4762776626485,366404.6666666667,"{""ga.elitism_rate"":0.05,""ga.offspring_ratio"":4,""ga.population_size"":360,""ga.restart_generations"":800,""ls.interval"":20,""ls.min_predicted_improvement"":5.0,""ls.neighbors_per_origin"":256,""ls.origin_count"":2,""ls.random_k"":2,""ls.real_eval_limit_per_origin"":12,""ls.top_k"":4,""ls.uncertain_k"":4,""ls.use"":true,""stoch.internal_simulations"":8,""sur.max_training_samples"":3000,""sur.min_real_per_generation"":5,""sur.min_samples_leaf"":5,""sur.n_estimators"":200,""sur.random_fraction"":0.005,""sur.retrain_interval_real_candidates"":75,""sur.top_fraction"":0.02,""sur.uncertain_fraction"":0.005,""sur.warmup_real_candidates"":800}"
54,ok,TPE0048_af5ca20ade,,TPE guided by screening summary,1.080089581590286,36,0,36,113.20389876732878,4054.3834992029106,2064.1188639850325,5648.6561044239115,6303.998167905543,278461.55555555556,"{""ga.elitism_rate"":0.05,""ga.offspring_ratio"":4,""ga.population_size"":360,""ga.restart_generations"":400,""ls.use"":false,""stoch.internal_simulations"":8,""sur.max_training_samples"":5000,""sur.min_real_per_generation"":5,""sur.min_samples_leaf"":5,""sur.n_estimators"":200,""sur.random_fraction"":0.005,""sur.retrain_interval_real_candidates"":75,""sur.top_fraction"":0.01,""sur.uncertain_fraction"":0.005,""sur.warmup_real_candidates"":800}"
55,ok,TPE0056_35067b4268,,TPE guided by screening summary,1.0803318456709439,35,1,36,118.01071675413428,4117.481427008344,2068.320253238575,5730.445583688741,4012.494009099688,492546.17142857146,"{""ga.elitism_rate"":0.05,""ga.offspring_ratio"":6,""ga.population_size"":360,""ga.restart_generations"":800,""ls.interval"":30,""ls.min_predicted_improvement"":5.0,""ls.neighbors_per_origin"":128,""ls.origin_count"":2,""ls.random_k"":4,""ls.real_eval_limit_per_origin"":16,""ls.top_k"":4,""ls.uncertain_k"":4,""ls.use"":true,""stoch.internal_simulations"":12,""sur.max_training_samples"":3000,""sur.min_real_per_generation"":8,""sur.min_samples_leaf"":3,""sur.n_estimators"":500,""sur.random_fraction"":0.0025,""sur.retrain_interval_real_candidates"":75,""sur.top_fraction"":0.03,""sur.uncertain_fraction"":0.01,""sur.warmup_real_candidates"":1200}"
56,ok,TPE0033_75cbbe37ba,,TPE guided by screening summary,1.0809758970541317,36,0,36,110.32770396650288,4137.5103979975265,2141.335755306977,5882.522343141578,4448.213411655691,364996.44444444444,"{""ga.elitism_rate"":0.08,""ga.offspring_ratio"":6,""ga.population_size"":160,""ga.restart_generations"":800,""ls.interval"":15,""ls.min_predicted_improvement"":1.0,""ls.neighbors_per_origin"":200,""ls.origin_count"":2,""ls.random_k"":4,""ls.real_eval_limit_per_origin"":10,""ls.top_k"":6,""ls.uncertain_k"":4,""ls.use"":true,""stoch.internal_simulations"":16,""sur.max_training_samples"":5000,""sur.min_real_per_generation"":5,""sur.min_samples_leaf"":5,""sur.n_estimators"":200,""sur.random_fraction"":0.005,""sur.retrain_interval_real_candidates"":75,""sur.top_fraction"":0.015,""sur.uncertain_fraction"":0.005,""sur.warmup_real_candidates"":800}"
57,ok,TPE0025_e8db426b41,,TPE guided by screening summary,1.0812502174026368,36,0,36,109.96552406383117,4044.684083423502,2042.7442715502984,5600.361821735235,5238.968123561806,391930,"{""ga.elitism_rate"":0.08,""ga.offspring_ratio"":6,""ga.population_size"":280,""ga.restart_generations"":800,""ls.interval"":15,""ls.min_predicted_improvement"":5.0,""ls.neighbors_per_origin"":256,""ls.origin_count"":2,""ls.random_k"":4,""ls.real_eval_limit_per_origin"":12,""ls.top_k"":8,""ls.uncertain_k"":4,""ls.use"":true,""stoch.internal_simulations"":12,""sur.max_training_samples"":8000,""sur.min_real_per_generation"":5,""sur.min_samples_leaf"":3,""sur.n_estimators"":200,""sur.random_fraction"":0.01,""sur.retrain_interval_real_candidates"":75,""sur.top_fraction"":0.01,""sur.uncertain_fraction"":0.0025,""sur.warmup_real_candidates"":600}"
58,ok,TPE0062_69581ed1f9,,TPE guided by screening summary,1.0818214513493485,36,0,36,113.0324139744859,4042.9320006895405,2123.1833919782794,5618.387831823863,5023.548401998149,403337,"{""ga.elitism_rate"":0.08,""ga.offspring_ratio"":5,""ga.population_size"":240,""ga.restart_generations"":1200,""ls.interval"":15,""ls.min_predicted_improvement"":5.0,""ls.neighbors_per_origin"":256,""ls.origin_count"":2,""ls.random_k"":4,""ls.real_eval_limit_per_origin"":12,""ls.top_k"":4,""ls.uncertain_k"":6,""ls.use"":true,""stoch.internal_simulations"":12,""sur.max_training_samples"":8000,""sur.min_real_per_generation"":4,""sur.min_samples_leaf"":7,""sur.n_estimators"":500,""sur.random_fraction"":0.01,""sur.retrain_interval_real_candidates"":75,""sur.top_fraction"":0.01,""sur.uncertain_fraction"":0.01,""sur.warmup_real_candidates"":1000}"
59,ok,TPE0005_4dbec242e4,,TPE guided by screening summary,1.0820486381934673,35,1,36,110.07538789634894,4128.108573208932,2013.8808929893855,5757.166582279714,4544.78773292814,459212.85714285716,"{""ga.elitism_rate"":0.05,""ga.offspring_ratio"":6,""ga.population_size"":360,""ga.restart_generations"":800,""ls.use"":false,""stoch.internal_simulations"":10,""sur.max_training_samples"":3000,""sur.min_real_per_generation"":5,""sur.min_samples_leaf"":2,""sur.n_estimators"":500,""sur.random_fraction"":0.0025,""sur.retrain_interval_real_candidates"":100,""sur.top_fraction"":0.03,""sur.uncertain_fraction"":0.0075,""sur.warmup_real_candidates"":1000}"
60,ok,TPE0034_690806e6bd,,TPE guided by screening summary,1.0844891759209883,36,0,36,112.9750850521507,4068.2016921764875,2135.5532385065344,5644.323669635779,5868.238339761893,350210.8888888889,"{""ga.elitism_rate"":0.05,""ga.offspring_ratio"":6,""ga.population_size"":160,""ga.restart_generations"":800,""ls.interval"":10,""ls.min_predicted_improvement"":1.0,""ls.neighbors_per_origin"":200,""ls.origin_count"":3,""ls.random_k"":1,""ls.real_eval_limit_per_origin"":16,""ls.top_k"":8,""ls.uncertain_k"":6,""ls.use"":true,""stoch.internal_simulations"":8,""sur.max_training_samples"":5000,""sur.min_real_per_generation"":6,""sur.min_samples_leaf"":5,""sur.n_estimators"":200,""sur.random_fraction"":0.005,""sur.retrain_interval_real_candidates"":100,""sur.top_fraction"":0.01,""sur.uncertain_fraction"":0.01,""sur.warmup_real_candidates"":800}"
61,ok,TPE0009_545367318c,,TPE guided by screening summary,1.0850571822548705,36,0,36,110.9223248001395,4056.4322302879896,2115.5201860878824,5625.9612909888565,3652.180836353037,479004.8888888889,"{""ga.elitism_rate"":0.05,""ga.offspring_ratio"":4,""ga.population_size"":240,""ga.restart_generations"":800,""ls.interval"":15,""ls.min_predicted_improvement"":1.0,""ls.neighbors_per_origin"":256,""ls.origin_count"":2,""ls.random_k"":3,""ls.real_eval_limit_per_origin"":12,""ls.top_k"":8,""ls.uncertain_k"":6,""ls.use"":true,""stoch.internal_simulations"":16,""sur.max_training_samples"":3000,""sur.min_real_per_generation"":8,""sur.min_samples_leaf"":3,""sur.n_estimators"":500,""sur.random_fraction"":0.005,""sur.retrain_interval_real_candidates"":75,""sur.top_fraction"":0.03,""sur.uncertain_fraction"":0.01,""sur.warmup_real_candidates"":1200}"
62,ok,TPE0022_249b9f072c,,TPE guided by screening summary,1.0851904856683203,34,2,36,113.31863618960307,4134.575054752085,2040.4697123871242,5612.600756793975,5703.014207475326,448866.70588235295,"{""ga.elitism_rate"":0.05,""ga.offspring_ratio"":5,""ga.population_size"":360,""ga.restart_generations"":800,""ls.interval"":30,""ls.min_predicted_improvement"":5.0,""ls.neighbors_per_origin"":128,""ls.origin_count"":3,""ls.random_k"":4,""ls.real_eval_limit_per_origin"":8,""ls.top_k"":8,""ls.uncertain_k"":4,""ls.use"":true,""stoch.internal_simulations"":12,""sur.max_training_samples"":5000,""sur.min_real_per_generation"":8,""sur.min_samples_leaf"":3,""sur.n_estimators"":500,""sur.random_fraction"":0.005,""sur.retrain_interval_real_candidates"":75,""sur.top_fraction"":0.03,""sur.uncertain_fraction"":0.01,""sur.warmup_real_candidates"":1200}"
63,ok,TPE0027_268cece10f,,TPE guided by screening summary,1.0853750567846303,35,1,36,113.13514448259727,4071.450188141065,2084.099435223022,5583.875461165207,3962.711847332546,435606.85714285716,"{""ga.elitism_rate"":0.08,""ga.offspring_ratio"":6,""ga.population_size"":360,""ga.restart_generations"":800,""ls.use"":false,""stoch.internal_simulations"":12,""sur.max_training_samples"":3000,""sur.min_real_per_generation"":8,""sur.min_samples_leaf"":5,""sur.n_estimators"":500,""sur.random_fraction"":0.005,""sur.retrain_interval_real_candidates"":75,""sur.top_fraction"":0.03,""sur.uncertain_fraction"":0.01,""sur.warmup_real_candidates"":1200}"
64,ok,TPE0011_fd4cc5f8c6,,TPE guided by screening summary,1.0887017594072346,36,0,36,113.46863835663186,4033.8626158745283,2109.969514309085,5516.235887132544,5771.0633697575995,330378.44444444444,"{""ga.elitism_rate"":0.05,""ga.offspring_ratio"":6,""ga.population_size"":360,""ga.restart_generations"":400,""ls.interval"":15,""ls.min_predicted_improvement"":2.0,""ls.neighbors_per_origin"":256,""ls.origin_count"":4,""ls.random_k"":1,""ls.real_eval_limit_per_origin"":12,""ls.top_k"":8,""ls.uncertain_k"":6,""ls.use"":true,""stoch.internal_simulations"":8,""sur.max_training_samples"":3000,""sur.min_real_per_generation"":8,""sur.min_samples_leaf"":3,""sur.n_estimators"":500,""sur.random_fraction"":0.005,""sur.retrain_interval_real_candidates"":75,""sur.top_fraction"":0.015,""sur.uncertain_fraction"":0.01,""sur.warmup_real_candidates"":1200}"
65,ok,TPE0012_0265e8a0ca,,TPE guided by screening summary,1.0894601880589827,36,0,36,116.75949100708365,4119.329172944582,2046.9483583897138,5777.643681831274,4688.503161125713,391360.8888888889,"{""ga.elitism_rate"":0.08,""ga.offspring_ratio"":6,""ga.population_size"":280,""ga.restart_generations"":400,""ls.interval"":15,""ls.min_predicted_improvement"":2.0,""ls.neighbors_per_origin"":256,""ls.origin_count"":2,""ls.random_k"":1,""ls.real_eval_limit_per_origin"":16,""ls.top_k"":8,""ls.uncertain_k"":2,""ls.use"":true,""stoch.internal_simulations"":16,""sur.max_training_samples"":8000,""sur.min_real_per_generation"":8,""sur.min_samples_leaf"":3,""sur.n_estimators"":200,""sur.random_fraction"":0.01,""sur.retrain_interval_real_candidates"":100,""sur.top_fraction"":0.01,""sur.uncertain_fraction"":0.0025,""sur.warmup_real_candidates"":600}"
66,ok,TPE0024_2aa587ec54,,TPE guided by screening summary,1.0908269081837387,36,0,36,116.29036532126926,4043.55822375943,2176.2805356365916,5564.482492830816,5930.699868208832,357944.44444444444,"{""ga.elitism_rate"":0.05,""ga.offspring_ratio"":5,""ga.population_size"":360,""ga.restart_generations"":800,""ls.interval"":20,""ls.min_predicted_improvement"":5.0,""ls.neighbors_per_origin"":256,""ls.origin_count"":2,""ls.random_k"":1,""ls.real_eval_limit_per_origin"":12,""ls.top_k"":8,""ls.uncertain_k"":6,""ls.use"":true,""stoch.internal_simulations"":8,""sur.max_training_samples"":5000,""sur.min_real_per_generation"":5,""sur.min_samples_leaf"":5,""sur.n_estimators"":200,""sur.random_fraction"":0.01,""sur.retrain_interval_real_candidates"":75,""sur.top_fraction"":0.01,""sur.uncertain_fraction"":0.005,""sur.warmup_real_candidates"":1000}"
67,ok,TPE0015_bd866a4c0c,,TPE guided by screening summary,1.0911820125145764,36,0,36,110.80872565995782,4168.6194492940285,2127.4362374499997,5896.874790162588,6407.236138721307,338898.6666666667,"{""ga.elitism_rate"":0.1,""ga.offspring_ratio"":6,""ga.population_size"":200,""ga.restart_generations"":800,""ls.interval"":10,""ls.min_predicted_improvement"":2.0,""ls.neighbors_per_origin"":200,""ls.origin_count"":3,""ls.random_k"":1,""ls.real_eval_limit_per_origin"":16,""ls.top_k"":8,""ls.uncertain_k"":4,""ls.use"":true,""stoch.internal_simulations"":8,""sur.max_training_samples"":5000,""sur.min_real_per_generation"":5,""sur.min_samples_leaf"":5,""sur.n_estimators"":200,""sur.random_fraction"":0.005,""sur.retrain_interval_real_candidates"":75,""sur.top_fraction"":0.01,""sur.uncertain_fraction"":0.0025,""sur.warmup_real_candidates"":1200}"
68,ok,TPE0068_663e03575e,,TPE guided by screening summary,1.0935725223576098,36,0,36,109.52009783216971,4067.9552574895356,2076.5220680438333,5550.399705418794,6237.242758240965,335122.6666666667,"{""ga.elitism_rate"":0.05,""ga.offspring_ratio"":6,""ga.population_size"":240,""ga.restart_generations"":400,""ls.interval"":20,""ls.min_predicted_improvement"":5.0,""ls.neighbors_per_origin"":200,""ls.origin_count"":2,""ls.random_k"":2,""ls.real_eval_limit_per_origin"":10,""ls.top_k"":8,""ls.uncertain_k"":6,""ls.use"":true,""stoch.internal_simulations"":8,""sur.max_training_samples"":5000,""sur.min_real_per_generation"":5,""sur.min_samples_leaf"":3,""sur.n_estimators"":200,""sur.random_fraction"":0.005,""sur.retrain_interval_real_candidates"":75,""sur.top_fraction"":0.01,""sur.uncertain_fraction"":0.005,""sur.warmup_real_candidates"":800}"
69,ok,TPE0051_7ade7c3635,,TPE guided by screening summary,1.0965818155621914,36,0,36,110.52671159576953,4172.84102747345,2165.144312178265,5869.862172276003,4628.822119461165,424195.6666666667,"{""ga.elitism_rate"":0.08,""ga.offspring_ratio"":6,""ga.population_size"":160,""ga.restart_generations"":800,""ls.interval"":30,""ls.min_predicted_improvement"":5.0,""ls.neighbors_per_origin"":200,""ls.origin_count"":4,""ls.random_k"":1,""ls.real_eval_limit_per_origin"":12,""ls.top_k"":8,""ls.uncertain_k"":6,""ls.use"":true,""stoch.internal_simulations"":12,""sur.max_training_samples"":3000,""sur.min_real_per_generation"":8,""sur.min_samples_leaf"":3,""sur.n_estimators"":500,""sur.random_fraction"":0.005,""sur.retrain_interval_real_candidates"":75,""sur.top_fraction"":0.02,""sur.uncertain_fraction"":0.01,""sur.warmup_real_candidates"":1200}"
70,ok,TPE0042_37fe65b5d6,,TPE guided by screening summary,1.0976377407931415,36,0,36,113.06472112991734,4100.194114195514,2197.574797429418,5677.833006834031,4644.076861977577,330500.44444444444,"{""ga.elitism_rate"":0.08,""ga.offspring_ratio"":5,""ga.population_size"":200,""ga.restart_generations"":400,""ls.interval"":15,""ls.min_predicted_improvement"":5.0,""ls.neighbors_per_origin"":256,""ls.origin_count"":2,""ls.random_k"":3,""ls.real_eval_limit_per_origin"":12,""ls.top_k"":6,""ls.uncertain_k"":6,""ls.use"":true,""stoch.internal_simulations"":16,""sur.max_training_samples"":8000,""sur.min_real_per_generation"":8,""sur.min_samples_leaf"":3,""sur.n_estimators"":200,""sur.random_fraction"":0.0075,""sur.retrain_interval_real_candidates"":75,""sur.top_fraction"":0.01,""sur.uncertain_fraction"":0.0025,""sur.warmup_real_candidates"":600}"
71,ok,TPE0019_b8bdbe8d5f,,TPE guided by screening summary,1.0987455312136591,36,0,36,112.95113313392667,4090.52609568709,2157.978213461056,5622.788730238339,5602.630524946584,390422.6666666667,"{""ga.elitism_rate"":0.05,""ga.offspring_ratio"":6,""ga.population_size"":160,""ga.restart_generations"":800,""ls.interval"":30,""ls.min_predicted_improvement"":1.0,""ls.neighbors_per_origin"":256,""ls.origin_count"":3,""ls.random_k"":1,""ls.real_eval_limit_per_origin"":12,""ls.top_k"":8,""ls.uncertain_k"":6,""ls.use"":true,""stoch.internal_simulations"":12,""sur.max_training_samples"":3000,""sur.min_real_per_generation"":4,""sur.min_samples_leaf"":3,""sur.n_estimators"":500,""sur.random_fraction"":0.01,""sur.retrain_interval_real_candidates"":75,""sur.top_fraction"":0.03,""sur.uncertain_fraction"":0.01,""sur.warmup_real_candidates"":1200}"
72,ok,TPE0013_86db49290b,,TPE guided by screening summary,1.1000031131230728,36,0,36,111.0338359293759,4124.61627405319,2144.86626163016,5696.661564528453,5248.043131788571,401138.22222222225,"{""ga.elitism_rate"":0.08,""ga.offspring_ratio"":4,""ga.population_size"":360,""ga.restart_generations"":800,""ls.interval"":15,""ls.min_predicted_improvement"":5.0,""ls.neighbors_per_origin"":128,""ls.origin_count"":2,""ls.random_k"":3,""ls.real_eval_limit_per_origin"":8,""ls.top_k"":6,""ls.uncertain_k"":4,""ls.use"":true,""stoch.internal_simulations"":8,""sur.max_training_samples"":5000,""sur.min_real_per_generation"":5,""sur.min_samples_leaf"":3,""sur.n_estimators"":200,""sur.random_fraction"":0.005,""sur.retrain_interval_real_candidates"":75,""sur.top_fraction"":0.03,""sur.uncertain_fraction"":0.005,""sur.warmup_real_candidates"":800}"
