comparison,baseline,candidate,instance,paired_runs,baseline_median_fitness,candidate_median_fitness,fitness_ratio,improvement_percent,baseline_mean_runtime_s,candidate_mean_runtime_s,runtime_ratio,baseline_mean_function_evaluations,candidate_mean_function_evaluations,function_evaluations_ratio,baseline_mean_final_robust_stdev,candidate_mean_final_robust_stdev,final_robust_stdev_ratio,baseline_mean_final_R,candidate_mean_final_R,final_R_delta,outcome
non_rl_hpo_effect,competition_no_rl,hpo_no_rl,0_BehnkeGeiger_42_workers.fjs,10,189.7047862917523,184.0975000921445,0.9704420415045079,2.9557958495492143,20223.98371169567,129600.78484816551,6.4082718170513795,3146001,3618865.2,1.150306436647668,4.9471657659628585,4.530587858416108,0.915794633280158,2.1208168304956216,2.118288345684932,-0.0025284848106896796,win
non_rl_hpo_effect,competition_no_rl,hpo_no_rl,0_BehnkeGeiger_46_workers.fjs,10,287.1578695710717,283.68909401007284,0.9879203186519658,1.2079681348034166,36261.262284994125,129601.18080477715,3.5740945747056787,4266773,3625256.4,0.8496482939214249,5.0994765877755945,5.283900021750786,1.0361651692680165,2.1264709228195544,2.1328566190385327,0.006385696218978332,win
non_rl_hpo_effect,competition_no_rl,hpo_no_rl,0_BehnkeGeiger_60_workers.fjs,10,1879.1204587492005,1871.3287582374073,0.9958535385661335,0.4146461433866544,129600.9459505558,129601.84463984966,1.0000069342803577,255957,289615.2,1.1314994315451423,17.72049462341986,17.572879914281465,0.9916698313294651,2.1076975490521854,2.106473364630762,-0.0012241844214235797,win
non_rl_hpo_effect,competition_no_rl,hpo_no_rl,1_Brandimarte_12_workers.fjs,10,1156.0541047047655,1103.0525717991518,0.9541530688832689,4.58469311167311,108729.98611419201,129601.29999184608,1.1919554542730677,1168060,1931240.4,1.6533743129633751,12.255805733401306,12.027160890133235,0.9813439566323302,2.1137047236001214,2.1176763732257062,0.003971649625584828,win
non_rl_hpo_effect,competition_no_rl,hpo_no_rl,1_Brandimarte_14_workers.fjs,10,1492.3386074595653,1478.416176413982,0.9906707291656256,0.9329270834374404,129600.9990315199,129601.24277057647,1.0000018806880997,939408,936762,0.9971833324817332,14.531446738516177,14.15547365947396,0.9741269341031485,2.109263191857469,2.1108264141040114,0.0015632222465424839,win
non_rl_hpo_effect,competition_no_rl,hpo_no_rl,1_Brandimarte_7_workers.fjs,10,381.38693896347706,368.95521394753905,0.9674039046808351,3.2596095319164853,64453.794818758965,129600.42667775154,2.0107493599435355,2577425,2830322.4,1.0981201780847163,6.177561806394255,6.223079911405006,1.0073682961720651,2.1182755268577695,2.12693217330159,0.00865664644382047,win
non_rl_hpo_effect,competition_no_rl,hpo_no_rl,2a_Hurink_sdata_18_workers.fjs,10,2771.546372095655,2832.3318069547167,1.021931956640184,-2.1931956640184103,59169.7295886755,129600.58954002857,2.190319111494348,2963816,1298019.6,0.43795552760360296,37.317639400721845,42.31413942244017,1.1338911062424188,2.104770765912369,2.107995233321523,0.0032244674091539416,loss
non_rl_hpo_effect,competition_no_rl,hpo_no_rl,2a_Hurink_sdata_1_workers.fjs,10,112.29479983229733,113.07410936989601,1.0069398541941614,-0.6939854194161432,12611.555644464494,129600.41370940208,10.27632255393384,3097665,3065318.4,0.9895577475291872,2.7140810483647932,2.6414142862635694,0.9732260161703702,2.1148831432565536,2.1111332381202863,-0.003749905136267273,loss
non_rl_hpo_effect,competition_no_rl,hpo_no_rl,2a_Hurink_sdata_38_workers.fjs,10,5172.2765815987705,5096.064604845183,0.9852652936185345,1.4734706381465457,129600.59253778457,129601.4154826641,1.000006349854298,344416,692172,2.0096975750255504,56.71537382957602,55.7305136282217,0.982635039939722,2.117240379098536,2.119178582320526,0.0019382032219898981,win
non_rl_hpo_effect,competition_no_rl,hpo_no_rl,2a_Hurink_sdata_40_workers.fjs,10,3698.5204537728605,3477.315886547409,0.9401910655922422,5.98089344077578,124892.15818181037,129600.95053641796,1.0377028664021708,1108387,1492869.6,1.3468847974579277,46.13012813502151,44.406322886230626,0.9626316830565622,2.1206762104003225,2.1276398268588133,0.006963616458490751,win
non_rl_hpo_effect,competition_no_rl,hpo_no_rl,2a_Hurink_sdata_54_workers.fjs,10,18765.897404271098,19177.04366048726,1.0219092243423746,-2.1909224342374634,23263.406992793083,129600.69694409371,5.57101102965028,4126629,3567618,0.8645356779104688,326.5259782667551,343.3617982639496,1.0515604304642507,2.1084274460684784,2.104051502582066,-0.00437594348641257,loss
non_rl_hpo_effect,competition_no_rl,hpo_no_rl,2a_Hurink_sdata_61_workers.fjs,10,2023.580876482434,1998.862351105839,0.9877847603405094,1.2215239659490562,33818.74032690525,129600.68927559853,3.8322151571237506,3606775,1907762.4,0.5289385670023774,34.702214400824126,31.335751415384,0.9029899663878459,2.116073478352899,2.114091028699566,-0.0019824496533331626,win
non_rl_hpo_effect,competition_no_rl,hpo_no_rl,2a_Hurink_sdata_63_workers.fjs,10,877.6075375032499,894.0137648565251,1.0186942644088384,-1.8694264408838368,34718.23162093163,129600.7849183321,3.7329316289311163,3594142,3973910.4,1.1056631596636972,14.197863255092738,14.464599128617436,1.018787043425638,2.11422783556271,2.1184191339197085,0.004191298356998274,loss
non_rl_hpo_effect,competition_no_rl,hpo_no_rl,2b_Hurink_edata_1_workers.fjs,10,107.58233815779364,107.61394198103216,1.0002937640488176,-0.02937640488176463,12748.077855443955,129600.38837344646,10.166268973490913,3131141,2452466.4,0.7832500676271046,2.7547561518854864,2.691358965698734,0.9769862802036542,2.1083967334904146,2.112358619911204,0.00396188642078954,loss
non_rl_hpo_effect,competition_no_rl,hpo_no_rl,2b_Hurink_edata_6_workers.fjs,10,1232.3647805180583,1259.4319323132618,1.0219635875863193,-2.1963587586319333,17534.498657894135,129600.51005132198,7.391172829054629,3214613,3166064.4,0.9848975288782817,26.4771649353375,24.802384372252824,0.9367462276578772,2.113464037168262,2.1109539976722083,-0.002510039496053551,loss
non_rl_hpo_effect,competition_no_rl,hpo_no_rl,2c_Hurink_rdata_28_workers.fjs,10,2224.139456931579,2073.291867593205,0.9321770993863474,6.782290061365259,85033.3461992979,129600.46162247658,1.5241133909833913,1081110,3251667.6,3.0077120737020286,34.12593718103847,32.20247911144503,0.943636476285194,2.1251258986810857,2.1335735628558896,0.008447664174803915,win
non_rl_hpo_effect,competition_no_rl,hpo_no_rl,2c_Hurink_rdata_38_workers.fjs,10,4495.425533285852,4330.072068947751,0.9632173944126623,3.6782605587337702,129600.53317501544,129601.08364973069,1.0000042474726127,559702,638071.2,1.1400195103823105,48.927228199760116,48.0456689851854,0.9819822367419735,2.1251472382881,2.125144795694238,-2.442593861839981e-06,win
non_rl_hpo_effect,competition_no_rl,hpo_no_rl,2c_Hurink_rdata_50_workers.fjs,10,13105.581466552312,12984.758185000464,0.9907807767354536,0.9219223264546383,19170.045837450027,129600.5505325079,6.760575933487032,3238811,2813395.2,0.8686506251831305,278.8276574674417,258.92280952159297,0.9286123617483212,2.1166725633346433,2.122166904792033,0.005494341457389584,win
non_rl_hpo_effect,competition_no_rl,hpo_no_rl,2d_Hurink_vdata_18_workers.fjs,10,2489.636475784442,2405.983650768681,0.9663995824975196,3.360041750248044,56091.50022649765,129600.88286914825,2.3105262356296317,1455215,2674204.8,1.8376698975752723,35.90885475908043,37.07169006490831,1.0323829683132357,2.1254711848244674,2.1258075438559176,0.0003363590314502396,win
non_rl_hpo_effect,competition_no_rl,hpo_no_rl,2d_Hurink_vdata_30_workers.fjs,10,2924.098329713539,2778.2787638174195,0.9501317844156066,4.9868215584393365,111659.84488406181,129600.9114314556,1.160676083385413,1205848,1626052.8,1.348472444288169,40.911072860486115,43.032150996344015,1.051846064831669,2.1328379174040504,2.13732790605068,0.004489988646629417,win
non_rl_hpo_effect,competition_no_rl,hpo_no_rl,2d_Hurink_vdata_5_workers.fjs,10,1168.9156979577347,1157.0797678681758,0.9898744365310194,1.0125563468980636,18269.915206217767,129600.50592398643,7.093656673342399,4008091,2501616,0.6241415177449814,28.07318157430381,24.25443050941562,0.8639715610864854,2.1295666871804806,2.123984910145117,-0.005581777035363444,win
non_rl_hpo_effect,competition_no_rl,hpo_no_rl,3_DPpaulli_15_workers.fjs,10,6430.239353032676,6140.802149049347,0.9549881134911684,4.501188650883159,129600.97383835315,129601.49203586578,1.0000039984075526,380974,644114.4,1.6907043525279941,57.58662086043589,53.22066868550261,0.9241846090341993,2.122477683077767,2.1251862554811054,0.0027085724033382164,win
non_rl_hpo_effect,competition_no_rl,hpo_no_rl,3_DPpaulli_18_workers.fjs,10,6490.408574020632,6141.669383502262,0.946268530472137,5.373146952786301,129600.6332034111,129601.79660031796,1.000008976784126,634855,752370,1.185105260256279,61.299303174446294,56.82298221406693,0.9269759894718446,2.1242306147207066,2.127408933352238,0.003178318631531507,win
non_rl_hpo_effect,competition_no_rl,hpo_no_rl,3_DPpaulli_1_workers.fjs,10,6412.460163978758,6206.6408773414405,0.9679032256927719,3.2096774307228126,129600.77803266048,129601.05820944309,1.0000021618449122,1468519,1538558.4,1.0476939011344082,63.267273698166534,55.342010076396136,0.8747335998769287,2.1097772839204807,2.1112529331277483,0.0014756492072676153,win
non_rl_hpo_effect,competition_no_rl,hpo_no_rl,3_DPpaulli_9_workers.fjs,10,5690.904328834167,5485.157360311327,0.9638463490801663,3.615365091983369,129600.90116536617,129601.38481771946,1.0000037318594928,1529345,1378531.2,0.9013866720720308,57.82473171141226,57.59333874338798,0.9959983736858633,2.127255506097656,2.126931008822475,-0.0003244972751810238,win
non_rl_hpo_effect,competition_no_rl,hpo_no_rl,4_ChambersBarnes_10_workers.fjs,10,2298.6803132097884,2251.291777613901,0.9793844601515224,2.0615539848477638,65271.51511867046,129601.13960242271,1.9855696526546724,2463962,1814488.8,0.7364110323129983,38.18251826157438,36.10750900000268,0.9456555157688507,2.12577350047994,2.1266659999385884,0.0008924994586485546,win
non_rl_hpo_effect,competition_no_rl,hpo_no_rl,5_Kacem_3_workers.fjs,10,16.835863948497682,16.860441943627244,1.0014598594526987,-0.1459859452698664,12082.907692456245,129600.45459268094,10.725932688668536,3045638,3553156.8,1.1666379261094062,0.7522517915938125,0.6755409175794704,0.8980250032348703,2.1098891257959362,2.137067304697393,0.027178178901456906,loss
non_rl_hpo_effect,competition_no_rl,hpo_no_rl,5_Kacem_4_workers.fjs,10,30.79290816573601,32.36109532463876,1.0509268936361038,-5.092689363610381,19557.235724043847,129600.3626559019,6.6267219194259654,3597754,3880041.6,1.078462173900717,0.9090765176389439,1.0110528809543644,1.1121757754564752,2.172283481914533,2.1574149658437793,-0.014868516070753568,loss
non_rl_hpo_effect,competition_no_rl,hpo_no_rl,6_Fattahi_14_workers.fjs,10,1225.3550704966983,1214.6712448739886,0.9912810369174226,0.8718963082577358,10071.412123465538,129600.48869297505,12.86815464447303,3622796,1791256.8,0.4944404266759707,40.98063593362738,39.03495432063703,0.9525219272794693,2.1241645202534656,2.1193238530997234,-0.004840667153742206,win
non_rl_hpo_effect,competition_no_rl,hpo_no_rl,6_Fattahi_20_workers.fjs,10,2839.476328126015,2850.8090521508634,1.0039911317141805,-0.3991131714180529,17245.936037921907,129600.41249184609,7.5148378265389075,3920906,3533294.4,0.9011423380208554,71.81690916986639,67.59248312659254,0.9411778355250302,2.1236837752742015,2.1240497188916554,0.000365943617453901,loss
rl_effect_on_competition,competition_no_rl,competition_with_rl,0_BehnkeGeiger_42_workers.fjs,10,189.7047862917523,188.39669827800014,0.9931046124912188,0.6895387508781159,20223.98371169567,19839.116460728645,0.9809697606340311,3146001,4031985,1.2816222881048036,4.9471657659628585,5.248961281802389,1.0610037201332372,2.1208168304956216,2.1175227681013875,-0.003294062394234132,win
rl_effect_on_competition,competition_no_rl,competition_with_rl,0_BehnkeGeiger_46_workers.fjs,10,287.1578695710717,290.1145686763424,1.0102964237396213,-1.0296423739621252,36261.262284994125,36548.02496130466,1.0079082375582167,4266773,4210195,0.9867398617175087,5.0994765877755945,6.258169205298006,1.2272179502304248,2.1264709228195544,2.1355431285671735,0.009072205747619133,loss
rl_effect_on_competition,competition_no_rl,competition_with_rl,0_BehnkeGeiger_60_workers.fjs,10,1879.1204587492005,1900.5317466741367,1.0113943136669312,-1.1394313666931222,129600.9459505558,129600.88563041687,0.9999995345702264,255957,173874,0.6793094152533433,17.72049462341986,17.45556726772309,0.9850496636055162,2.1076975490521854,2.110051229592866,0.002353680540680525,loss
rl_effect_on_competition,competition_no_rl,competition_with_rl,1_Brandimarte_12_workers.fjs,10,1156.0541047047655,1173.768994182421,1.0153235816607213,-1.5323581660721342,108729.98611419201,109490.03655400276,1.0069902560183583,1168060,1657003,1.4185940790712805,12.255805733401306,13.135735871746553,1.07179700441458,2.1137047236001214,2.116287411371721,0.0025826877715995344,loss
rl_effect_on_competition,competition_no_rl,competition_with_rl,1_Brandimarte_14_workers.fjs,10,1492.3386074595653,1467.7972837290363,0.9835551237448007,1.6444876255199303,129600.9990315199,129600.76284208297,0.9999981775646894,939408,1092881,1.1633720385604551,14.531446738516177,15.877865773905906,1.0926555393704187,2.109263191857469,2.1075793463522774,-0.0016838455051915169,win
rl_effect_on_competition,competition_no_rl,competition_with_rl,1_Brandimarte_7_workers.fjs,10,381.38693896347706,379.66504315179475,0.9954851736235067,0.4514826376493253,64453.794818758965,61769.60417563915,0.9583548082674165,2577425,2212676,0.8584831760381001,6.177561806394255,6.4008174984400315,1.036139774727092,2.1182755268577695,2.119580285644807,0.0013047587870373967,win
rl_effect_on_competition,competition_no_rl,competition_with_rl,2a_Hurink_sdata_18_workers.fjs,10,2771.546372095655,2864.790194136387,1.033643248036376,-3.3643248036375972,59169.7295886755,58146.22854132652,0.9827022862118189,2963816,1857803,0.6268280487047779,37.317639400721845,38.760840063795065,1.038673417886269,2.104770765912369,2.108480603367854,0.003709837455485143,loss
rl_effect_on_competition,competition_no_rl,competition_with_rl,2a_Hurink_sdata_1_workers.fjs,10,112.29479983229733,111.96386451173458,0.9970529773323701,0.2947022667629917,12611.555644464494,13048.70902428627,1.0346629228102922,3097665,2467024,0.7964140731809282,2.7140810483647932,2.502030123235792,0.9218700837041106,2.1148831432565536,2.1106049554873407,-0.004278187769212849,win
rl_effect_on_competition,competition_no_rl,competition_with_rl,2a_Hurink_sdata_38_workers.fjs,10,5172.2765815987705,5189.465792786106,1.0033233356561961,-0.3323335656196136,129600.59253778457,129600.72585065365,1.0000010286439782,344416,378579,1.0991910944903838,56.71537382957602,52.39561445000898,0.9238344193490201,2.117240379098536,2.1166653959512054,-0.00057498314733051,loss
rl_effect_on_competition,competition_no_rl,competition_with_rl,2a_Hurink_sdata_40_workers.fjs,10,3698.5204537728605,3615.1392608003266,0.9774555274157057,2.254447258429426,124892.15818181037,127085.1817523241,1.0175593376112635,1108387,2292069,2.0679320490045443,46.13012813502151,41.77652909277211,0.9056235215842768,2.1206762104003225,2.1207666292227394,9.041882241689336e-05,win
rl_effect_on_competition,competition_no_rl,competition_with_rl,2a_Hurink_sdata_54_workers.fjs,10,18765.897404271098,18655.29993609325,0.9941064652654088,0.5893534734591199,23263.406992793083,22658.223932433128,0.9739856221168534,4126629,3254773,0.7887244043503789,326.5259782667551,358.04652196395955,1.0965330350268603,2.1084274460684784,2.1122128429333564,0.003785396864877999,win
rl_effect_on_competition,competition_no_rl,competition_with_rl,2a_Hurink_sdata_61_workers.fjs,10,2023.580876482434,2038.0725787746605,1.007161414925712,-0.7161414925711984,33818.74032690525,33134.33345098495,0.9797624964944125,3606775,4225093,1.1714323737965358,34.702214400824126,32.36646185408379,0.9326915418203149,2.116073478352899,2.1103288937150215,-0.005744584637877637,loss
rl_effect_on_competition,competition_no_rl,competition_with_rl,2a_Hurink_sdata_63_workers.fjs,10,877.6075375032499,885.9009691743643,1.00945004608177,-0.9450046081769914,34718.23162093163,33964.77350561619,0.9782979120727688,3594142,2781060,0.7737757717975527,14.197863255092738,13.071218045254271,0.9206468473744215,2.11422783556271,2.112731215510045,-0.001496620052665154,loss
rl_effect_on_competition,competition_no_rl,competition_with_rl,2b_Hurink_edata_1_workers.fjs,10,107.58233815779364,107.88237796505317,1.0027889318302363,-0.27889318302363186,12748.077855443955,13911.241859602927,1.0912423047104511,3131141,3171226,1.01280204245034,2.7547561518854864,2.6313851981399887,0.9552152905943937,2.1083967334904146,2.1105627230262343,0.0021659895358197012,loss
rl_effect_on_competition,competition_no_rl,competition_with_rl,2b_Hurink_edata_6_workers.fjs,10,1232.3647805180583,1244.6363664198725,1.0099577544699512,-0.9957754469951174,17534.498657894135,18517.777696847916,1.056076826497181,3214613,2879205,0.8956614684255928,26.4771649353375,25.764287525990696,0.9730757650568786,2.113464037168262,2.1115695771338308,-0.0018944600344310558,loss
rl_effect_on_competition,competition_no_rl,competition_with_rl,2c_Hurink_rdata_28_workers.fjs,10,2224.139456931579,2271.3364377802363,1.0212203334199963,-2.1220333419996296,85033.3461992979,83426.36907806396,0.981101800728063,1081110,1928122,1.7834651423074432,34.12593718103847,37.481599099097004,1.098331714679562,2.1251258986810857,2.132081000308836,0.00695510162775026,loss
rl_effect_on_competition,competition_no_rl,competition_with_rl,2c_Hurink_rdata_38_workers.fjs,10,4495.425533285852,4551.056028587973,1.012374911983351,-1.2374911983350945,129600.53317501544,129600.53219606876,0.9999999924464301,559702,616877,1.102152574048333,48.927228199760116,49.32593390137308,1.00814895338001,2.1251472382881,2.1229110240807327,-0.002236214207367304,loss
rl_effect_on_competition,competition_no_rl,competition_with_rl,2c_Hurink_rdata_50_workers.fjs,10,13105.581466552312,12957.58901031104,0.9887076772122645,1.129232278773551,19170.045837450027,19445.320569992065,1.0143596282907301,3238811,3372936,1.0414118020471093,278.8276574674417,271.7201366693621,0.9745092690494322,2.1166725633346433,2.11795170736738,0.0012791440327366566,win
rl_effect_on_competition,competition_no_rl,competition_with_rl,2d_Hurink_vdata_18_workers.fjs,10,2489.636475784442,2427.2438921551757,0.9749390787626504,2.50609212373496,56091.50022649765,59019.97341601849,1.0522088583420957,1455215,1852706,1.273149328449748,35.90885475908043,37.21314883958667,1.036322352502106,2.1254711848244674,2.1261992478350593,0.0007280630105919172,win
rl_effect_on_competition,competition_no_rl,competition_with_rl,2d_Hurink_vdata_30_workers.fjs,10,2924.098329713539,2956.731159298646,1.0111599631426567,-1.115996314265666,111659.84488406181,110242.52764260769,0.9873068313597807,1205848,1648968,1.3674758344335274,40.911072860486115,40.78087024170263,0.9968174235071395,2.1328379174040504,2.1336456027941573,0.0008076853901068937,loss
rl_effect_on_competition,competition_no_rl,competition_with_rl,2d_Hurink_vdata_5_workers.fjs,10,1168.9156979577347,1181.4653877460382,1.0107361803851465,-1.0736180385146454,18269.915206217767,18173.88496005535,0.9947438044961624,4008091,2543333,0.634549714564864,28.07318157430381,26.62428314999477,0.9483885208922932,2.1295666871804806,2.12197724780166,-0.007589439378820728,loss
rl_effect_on_competition,competition_no_rl,competition_with_rl,3_DPpaulli_15_workers.fjs,10,6430.239353032676,6469.517402469588,1.0061083339640207,-0.6108333964020662,129600.97383835315,129600.50498828889,0.9999963823569347,380974,467592,1.2273593473570374,57.58662086043589,60.38088704506692,1.0485228364311057,2.122477683077767,2.1260722976965103,0.0035946146187431083,loss
rl_effect_on_competition,competition_no_rl,competition_with_rl,3_DPpaulli_18_workers.fjs,10,6490.408574020632,6713.259750521707,1.034335461929637,-3.433546192963699,129600.6332034111,129600.43376727104,0.9999984611484132,634855,315437,0.49686463838199274,61.299303174446294,56.311616706279025,0.9186338798342739,2.1242306147207066,2.1204648623183027,-0.0037657524024039546,loss
rl_effect_on_competition,competition_no_rl,competition_with_rl,3_DPpaulli_1_workers.fjs,10,6412.460163978758,6500.033273558771,1.0136567101144651,-1.365671011446512,129600.77803266048,120564.0201789856,0.9302723487400859,1468519,2029193,1.3817955368640107,63.267273698166534,58.84666316897552,0.9301280066171221,2.1097772839204807,2.109254515327101,-0.000522768593379741,loss
rl_effect_on_competition,competition_no_rl,competition_with_rl,3_DPpaulli_9_workers.fjs,10,5690.904328834167,5732.122834293207,1.0072428744321351,-0.7242874432135116,129600.90116536617,129600.9059492588,1.000000036912495,1529345,1337881,0.8748065348237317,57.82473171141226,55.652418892119975,0.9624328076413097,2.127255506097656,2.1230759092095863,-0.004179596888069792,loss
rl_effect_on_competition,competition_no_rl,competition_with_rl,4_ChambersBarnes_10_workers.fjs,10,2298.6803132097884,2276.866458236503,0.990510270241613,0.9489729758387022,65271.51511867046,68233.97262654305,1.0453866821152615,2463962,1584990,0.6432688491137445,38.18251826157438,35.53486450963047,0.9306579588646875,2.12577350047994,2.127299629378694,0.0015261288987540311,win
rl_effect_on_competition,competition_no_rl,competition_with_rl,5_Kacem_3_workers.fjs,10,16.835863948497682,16.067791848278866,0.9543788128385681,4.562118716143193,12082.907692456245,11959.299621105194,0.9897700061527224,3045638,3102076,1.0185307643258983,0.7522517915938125,0.6189652699174304,0.8228166111854849,2.1098891257959362,2.149071490201763,0.039182364405826675,win
rl_effect_on_competition,competition_no_rl,competition_with_rl,5_Kacem_4_workers.fjs,10,30.79290816573601,33.53025724083095,1.088895438532852,-8.889543853285197,19557.235724043847,20606.933212280273,1.0536731009968816,3597754,3886681,1.0803076030212182,0.9090765176389439,1.0325782096996476,1.1358540119169096,2.172283481914533,2.163705644381118,-0.0085778375334149,loss
rl_effect_on_competition,competition_no_rl,competition_with_rl,6_Fattahi_14_workers.fjs,10,1225.3550704966983,1209.7068251376531,0.9872296236937248,1.27703763062752,10071.412123465538,10126.77255821228,1.005496789731974,3622796,2632622,0.7266823746078995,40.98063593362738,38.79907159061778,0.9467659714567903,2.1241645202534656,2.1181042767197944,-0.0060602435336711835,win
rl_effect_on_competition,competition_no_rl,competition_with_rl,6_Fattahi_20_workers.fjs,10,2839.476328126015,2832.4670066046942,0.9975314738665398,0.24685261334601583,17245.936037921907,17056.764289855957,0.9890309376278572,3920906,3063548,0.7813367624727551,71.81690916986639,68.64205194177732,0.955792343825607,2.1236837752742015,2.1228572392338134,-0.0008265360403880706,win
rl_effect_on_hpo,hpo_no_rl,hpo_with_rl,0_BehnkeGeiger_42_workers.fjs,10,184.0975000921445,184.46865211881368,1.0020160622848404,-0.20160622848404142,129600.78484816551,129600.74340279102,0.9999996802073804,3618865.2,4359708,1.204716881966203,4.530587858416108,4.044592965250866,0.8927302795237823,2.118288345684932,2.1134939282073875,-0.004794417477544499,loss
rl_effect_on_hpo,hpo_no_rl,hpo_with_rl,0_BehnkeGeiger_46_workers.fjs,10,283.68909401007284,288.6683006658633,1.0175516322654745,-1.7551632265474515,129601.18080477715,129601.30090391636,1.000000926682446,3625256.4,4198632,1.1581613923914458,5.283900021750786,5.36860061860677,1.0160299393454304,2.1328566190385327,2.1320397588149316,-0.0008168602236011679,loss
rl_effect_on_hpo,hpo_no_rl,hpo_with_rl,0_BehnkeGeiger_60_workers.fjs,10,1871.3287582374073,1743.0032256678935,0.9314254472899872,6.857455271001278,129601.84463984966,129603.04089639187,1.0000092302431771,289615.2,337490.4,1.1653062408326635,17.572879914281465,16.458838109137652,0.9366044831252485,2.106473364630762,2.114391368547227,0.007918003916465022,win
rl_effect_on_hpo,hpo_no_rl,hpo_with_rl,1_Brandimarte_12_workers.fjs,10,1103.0525717991518,1149.464680461301,1.0420760622374037,-4.207606223740368,129601.29999184608,129600.86324808598,0.9999966300973823,1931240.4,1808493.6,0.9364414704663387,12.027160890133235,12.974310137239824,1.078750858640596,2.1176763732257062,2.116964540575628,-0.0007118326500781258,loss
rl_effect_on_hpo,hpo_no_rl,hpo_with_rl,1_Brandimarte_14_workers.fjs,10,1478.416176413982,1444.0864675517928,0.9767794012201229,2.3220598779877144,129601.24277057647,129601.66670827866,1.000003271092878,936762,1029355.2,1.0988438899101372,14.15547365947396,14.28914957224141,1.0094434079694665,2.1108264141040114,2.1078604343828036,-0.002965979721207823,win
rl_effect_on_hpo,hpo_no_rl,hpo_with_rl,1_Brandimarte_7_workers.fjs,10,368.95521394753905,367.50018821018944,0.9960563621752843,0.394363782471574,129600.42667775154,129600.52729158402,1.000000776338744,2830322.4,1936681.2,0.6842616940034817,6.223079911405006,6.189921488697653,0.994671702247213,2.12693217330159,2.12413571750322,-0.0027964557983701788,win
rl_effect_on_hpo,hpo_no_rl,hpo_with_rl,2a_Hurink_sdata_18_workers.fjs,10,2832.3318069547167,2770.9287426425008,0.9783206670343346,2.1679332965665377,129600.58954002857,129600.44959871769,0.9999989202108465,1298019.6,2108283.6,1.6242309438162568,42.31413942244017,38.593623806097966,0.9120739387087917,2.107995233321523,2.112558140442575,0.004562907121052007,win
rl_effect_on_hpo,hpo_no_rl,hpo_with_rl,2a_Hurink_sdata_1_workers.fjs,10,113.07410936989601,113.33264079843823,1.0022863892537637,-0.22863892537636765,129600.41370940208,129600.50113947391,1.0000006746125982,3065318.4,2630907.6,0.8582819977200411,2.6414142862635694,2.509585804170185,0.950091705500744,2.1111332381202863,2.107636188903542,-0.003497049216744319,loss
rl_effect_on_hpo,hpo_no_rl,hpo_with_rl,2a_Hurink_sdata_38_workers.fjs,10,5096.064604845183,4899.537114668354,0.961435439811737,3.856456018826304,129601.4154826641,129601.48094685077,1.0000005051193803,692172,763926,1.1036649850037275,55.7305136282217,51.79068970664012,0.9293058027804275,2.119178582320526,2.117396343888504,-0.0017822384320216322,win
rl_effect_on_hpo,hpo_no_rl,hpo_with_rl,2a_Hurink_sdata_40_workers.fjs,10,3477.315886547409,3566.979939831458,1.0257854207697754,-2.5785420769775413,129600.95053641796,129601.42226221561,1.0000036398328538,1492869.6,1501855.2,1.0060190119753258,44.406322886230626,46.43340010670992,1.0456483916867578,2.1276398268588133,2.1234221811628227,-0.004217645695990591,loss
rl_effect_on_hpo,hpo_no_rl,hpo_with_rl,2a_Hurink_sdata_54_workers.fjs,10,19177.04366048726,18863.899735531195,0.9836708968024476,1.632910319755243,129600.69694409371,129600.47842013836,0.9999983138674367,3567618,3794052,1.063469239139392,343.3617982639496,315.42917898606004,0.9186496010356483,2.104051502582066,2.1026242560817647,-0.001427246500301127,win
rl_effect_on_hpo,hpo_no_rl,hpo_with_rl,2a_Hurink_sdata_61_workers.fjs,10,1998.862351105839,2012.8253097902598,1.006985452838559,-0.6985452838558892,129600.68927559853,129600.91219573021,1.0000017200535964,1907762.4,2991457.2,1.568044951509685,31.335751415384,30.152184981075614,0.9622295180154089,2.114091028699566,2.1078513608449123,-0.0062396678546536855,loss
rl_effect_on_hpo,hpo_no_rl,hpo_with_rl,2a_Hurink_sdata_63_workers.fjs,10,894.0137648565251,886.8676977373232,0.9920067594033647,0.7993240596635309,129600.7849183321,129600.55875806809,0.9999982549468034,3973910.4,2438536.8,0.6136365832505937,14.464599128617436,13.303076005743474,0.9196989067898915,2.1184191339197085,2.1143129253745463,-0.004106208545162193,win
rl_effect_on_hpo,hpo_no_rl,hpo_with_rl,2b_Hurink_edata_1_workers.fjs,10,107.61394198103216,107.63738998682092,1.0002178900368959,-0.02178900368958736,129600.38837344646,129600.55862321853,1.000001313651712,2452466.4,3110820,1.268445512648002,2.691358965698734,2.481268070643524,0.921938731424232,2.112358619911204,2.110529255721349,-0.0018293641898550206,loss
rl_effect_on_hpo,hpo_no_rl,hpo_with_rl,2b_Hurink_edata_6_workers.fjs,10,1259.4319323132618,1246.5865104366926,0.9898006223702973,1.0199377629702688,129600.51005132198,129600.57296571732,1.0000004854486708,3166064.4,3718303.2,1.1744243736798279,24.802384372252824,28.11109748287197,1.1334030253285126,2.1109539976722083,2.1139219508188054,0.0029679531465971465,win
rl_effect_on_hpo,hpo_no_rl,hpo_with_rl,2c_Hurink_rdata_28_workers.fjs,10,2073.291867593205,2166.264085418685,1.044842802539619,-4.484280253961903,129600.46162247658,129600.69961826802,1.0000018363807386,3251667.6,1575781.2,0.4846070982163121,32.20247911144503,32.69110012725239,1.01517339749267,2.1335735628558896,2.131192168369944,-0.0023813944859454317,loss
rl_effect_on_hpo,hpo_no_rl,hpo_with_rl,2c_Hurink_rdata_38_workers.fjs,10,4330.072068947751,4423.4764667311665,1.0215710954220014,-2.157109542200142,129601.08364973069,129600.60976159573,0.9999963434863227,638071.2,807415.2,1.265399848794304,48.0456689851854,48.14372763634427,1.0020409467331823,2.125144795694238,2.130108254924561,0.004963459230322709,loss
rl_effect_on_hpo,hpo_no_rl,hpo_with_rl,2c_Hurink_rdata_50_workers.fjs,10,12984.758185000464,12936.13443155212,0.9962553208341983,0.37446791658016787,129600.5505325079,129600.49189596176,0.9999995475594363,2813395.2,2347762.8,0.834494492632958,258.92280952159297,254.27270208332033,0.9820405647271302,2.122166904792033,2.114418837072384,-0.007748067719648866,win
rl_effect_on_hpo,hpo_no_rl,hpo_with_rl,2d_Hurink_vdata_18_workers.fjs,10,2405.983650768681,2429.9039022044426,1.0099419841976562,-0.994198419765624,129600.88286914825,129600.63864073754,0.9999981155343598,2674204.8,2187934.8,0.8181627674888625,37.07169006490831,35.8497541763415,0.9670385707684936,2.1258075438559176,2.12508912780693,-0.0007184160489877023,loss
rl_effect_on_hpo,hpo_no_rl,hpo_with_rl,2d_Hurink_vdata_30_workers.fjs,10,2778.2787638174195,2819.9486145201327,1.0149984412094983,-1.4998441209498337,129600.9114314556,129601.24331941604,1.0000025608458827,1626052.8,1321410,0.8126488881541853,43.032150996344015,36.1319873735679,0.8396509711224441,2.13732790605068,2.1293458197802915,-0.007982086270388322,loss
rl_effect_on_hpo,hpo_no_rl,hpo_with_rl,2d_Hurink_vdata_5_workers.fjs,10,1157.0797678681758,1184.4899887147462,1.0236891367455776,-2.36891367455776,129600.50592398643,129600.57059016227,1.0000004989654583,2501616,3063549.6,1.2246282403054667,24.25443050941562,27.2855986712969,1.1249737923429937,2.123984910145117,2.126886248295481,0.0029013381503637525,loss
rl_effect_on_hpo,hpo_no_rl,hpo_with_rl,3_DPpaulli_15_workers.fjs,10,6140.802149049347,6108.403665736974,0.99472406331844,0.5275936681560012,129601.49203586578,129601.3674443245,0.9999990386565824,644114.4,758617.2,1.1777678002541163,53.22066868550261,56.34712462522321,1.0587451457665027,2.1251862554811054,2.1294091447103165,0.004222889229211102,win
rl_effect_on_hpo,hpo_no_rl,hpo_with_rl,3_DPpaulli_18_workers.fjs,10,6141.669383502262,6214.94295158402,1.0119305621169687,-1.1930562116968746,129601.79660031796,129601.45623471736,0.9999973737586243,752370,739591.2,0.9830152717412974,56.82298221406693,52.421377164309824,0.9225382956287806,2.127408933352238,2.1248958438972028,-0.0025130894550353666,loss
rl_effect_on_hpo,hpo_no_rl,hpo_with_rl,3_DPpaulli_1_workers.fjs,10,6206.6408773414405,6238.627815876039,1.0051536634979756,-0.5153663497975636,129601.05820944309,129600.79146456718,0.9999979418001705,1538558.4,1449834,0.942332770728755,55.342010076396136,60.125924032639944,1.0864427213547163,2.1112529331277483,2.111763061365545,0.0005101282377966143,loss
rl_effect_on_hpo,hpo_no_rl,hpo_with_rl,3_DPpaulli_9_workers.fjs,10,5485.157360311327,5412.488372358672,0.9867517040662385,1.3248295933761534,129601.38481771946,129601.29764301777,0.9999993273628841,1378531.2,1122978,0.8146192121005313,57.59333874338798,54.398683645724574,0.9445308230540781,2.126931008822475,2.1281586433541477,0.0012276345316726278,win
rl_effect_on_hpo,hpo_no_rl,hpo_with_rl,4_ChambersBarnes_10_workers.fjs,10,2251.291777613901,2201.6122847317374,0.9779328946269159,2.2067105373084095,129601.13960242271,129600.7029025793,0.9999966304320722,1814488.8,2078604,1.1455590136461575,36.10750900000268,36.16365086547758,1.0015548529109248,2.1266659999385884,2.1233214478396207,-0.003344552098967668,win
rl_effect_on_hpo,hpo_no_rl,hpo_with_rl,5_Kacem_3_workers.fjs,10,16.860441943627244,16.699163880538915,0.9904345293185338,0.9565470681466182,129600.45459268094,129600.4619771719,1.0000000569788972,3553156.8,3106993.2,0.8744317728955842,0.6755409175794704,0.7173380418107198,1.0618720837532871,2.137067304697393,2.1234076945336,-0.013659610163793356,win
rl_effect_on_hpo,hpo_no_rl,hpo_with_rl,5_Kacem_4_workers.fjs,10,32.36109532463876,31.554866536067408,0.9750864802169562,2.491351978304379,129600.3626559019,129600.34089124203,0.9999998320632796,3880041.6,3936982.8,1.0146754096657107,1.0110528809543644,0.9038905907709895,0.894009213363577,2.1574149658437793,2.174750428814754,0.017335462970974547,win
rl_effect_on_hpo,hpo_no_rl,hpo_with_rl,6_Fattahi_14_workers.fjs,10,1214.6712448739886,1204.3527729292882,0.9915051319538145,0.8494868046185489,129600.48869297505,129600.32607109546,0.999998745206278,1791256.8,2653780.8,1.481518897792879,39.03495432063703,37.55275857714118,0.9620290129886935,2.1193238530997234,2.1148793231333913,-0.004444529966332045,win
rl_effect_on_hpo,hpo_no_rl,hpo_with_rl,6_Fattahi_20_workers.fjs,10,2850.8090521508634,2833.0602425010456,0.9937741148827816,0.6225885117218444,129600.41249184609,129600.43749613762,1.000000192933734,3533294.4,3633121.2,1.0282531792425789,67.59248312659254,61.2620128769756,0.9063435761375901,2.1240497188916554,2.118361707331401,-0.005688011560254225,win
combined_effect,competition_no_rl,hpo_with_rl,0_BehnkeGeiger_42_workers.fjs,10,189.7047862917523,184.46865211881368,0.9723985131040087,2.760148689599129,20223.98371169567,129600.74340279102,6.408269767733348,3146001,4359708,1.3857935836638322,4.9471657659628585,4.044592965250866,0.817557598954575,2.1208168304956216,2.1134939282073875,-0.007322902288234179,win
combined_effect,competition_no_rl,hpo_with_rl,0_BehnkeGeiger_46_workers.fjs,10,287.1578695710717,288.6683006658633,1.0052599327925356,-0.525993279253556,36261.262284994125,129601.30090391636,3.574097886756381,4266773,4198632,0.9840298511310538,5.0994765877755945,5.36860061860677,1.0527748340832306,2.1264709228195544,2.1320397588149316,0.005568835995377164,loss
combined_effect,competition_no_rl,hpo_with_rl,0_BehnkeGeiger_60_workers.fjs,10,1879.1204587492005,1743.0032256678935,0.9275633275942774,7.24366724057226,129600.9459505558,129603.04089639187,1.0000161645875398,255957,337490.4,1.3185433490781655,17.72049462341986,16.458838109137652,0.9288024098032359,2.1076975490521854,2.114391368547227,0.006693819495041442,win
combined_effect,competition_no_rl,hpo_with_rl,1_Brandimarte_12_workers.fjs,10,1156.0541047047655,1149.464680461301,0.9943000727936109,0.5699927206389122,108729.98611419201,129600.86324808598,1.1919514374992621,1168060,1808493.6,1.5482882728626954,12.255805733401306,12.974310137239824,1.0586256358388861,2.1137047236001214,2.116964540575628,0.003259816975506702,win
combined_effect,competition_no_rl,hpo_with_rl,1_Brandimarte_14_workers.fjs,10,1492.3386074595653,1444.0864675517928,0.9676667616407023,3.233323835929769,129600.9990315199,129601.66670827866,1.0000051517871293,939408,1029355.2,1.0957488120177814,14.531446738516177,14.28914957224141,0.9833260121559302,2.109263191857469,2.1078604343828036,-0.0014027574746653393,win
combined_effect,competition_no_rl,hpo_with_rl,1_Brandimarte_7_workers.fjs,10,381.38693896347706,367.50018821018944,0.9635888140505581,3.6411185949441927,64453.794818758965,129600.52729158402,2.010750920966168,2577425,1936681.2,0.751401573275653,6.177561806394255,6.189921488697653,1.0020007379433427,2.1182755268577695,2.12413571750322,0.005860190645450292,win
combined_effect,competition_no_rl,hpo_with_rl,2a_Hurink_sdata_18_workers.fjs,10,2771.546372095655,2770.9287426425008,0.9997771534839277,0.022284651607229478,59169.7295886755,129600.44959871769,2.1903167464115287,2963816,2108283.6,0.7113409199491467,37.317639400721845,38.593623806097966,1.034192527337392,2.104770765912369,2.112558140442575,0.007787374530205948,win
combined_effect,competition_no_rl,hpo_with_rl,2a_Hurink_sdata_1_workers.fjs,10,112.29479983229733,113.33264079843823,1.0092421106559772,-0.9242110655977243,12611.555644464494,129600.50113947391,10.276329486470498,3097665,2630907.6,0.8493196004086949,2.7140810483647932,2.509585804170185,0.9246539655410017,2.1148831432565536,2.107636188903542,-0.007246954353011592,loss
combined_effect,competition_no_rl,hpo_with_rl,2a_Hurink_sdata_38_workers.fjs,10,5172.2765815987705,4899.537114668354,0.947268970901376,5.273102909862404,129600.59253778457,129601.48094685077,1.0000068549768857,344416,763926,2.2180328440026016,56.71537382957602,51.79068970664012,0.9131684446313608,2.117240379098536,2.117396343888504,0.0001559647899682659,win
combined_effect,competition_no_rl,hpo_with_rl,2a_Hurink_sdata_40_workers.fjs,10,3698.5204537728605,3566.979939831458,0.9644342878225216,3.5565712177478392,124892.15818181037,129601.42226221561,1.0377066434671565,1108387,1501855.2,1.3549917131832112,46.13012813502151,46.43340010670992,1.006574271174811,2.1206762104003225,2.1234221811628227,0.0027459707625001606,win
combined_effect,competition_no_rl,hpo_with_rl,2a_Hurink_sdata_54_workers.fjs,10,18765.897404271098,18863.899735531195,1.0052223631595574,-0.5222363159557375,23263.406992793083,129600.47842013836,5.571001636187172,4126629,3794052,0.9194070995963048,326.5259782667551,315.42917898606004,0.9660155699108586,2.1084274460684784,2.1026242560817647,-0.005803189986713697,loss
combined_effect,competition_no_rl,hpo_with_rl,2a_Hurink_sdata_61_workers.fjs,10,2023.580876482434,2012.8253097902598,0.9946848841985152,0.5315115801484804,33818.74032690525,129600.91219573021,3.832221748739214,3606775,2991457.2,0.8293994496468452,34.702214400824126,30.152184981075614,0.8688836001301272,2.116073478352899,2.1078513608449123,-0.008222117507986848,win
combined_effect,competition_no_rl,hpo_with_rl,2a_Hurink_sdata_63_workers.fjs,10,877.6075375032499,886.8676977373232,1.0105515960590061,-1.055159605900613,34718.23162093163,129600.55875806809,3.7329251147668447,3594142,2438536.8,0.6784753635220867,14.197863255092738,13.303076005743474,0.9369773300902651,2.11422783556271,2.1143129253745463,8.5089811836081e-05,loss
combined_effect,competition_no_rl,hpo_with_rl,2b_Hurink_edata_1_workers.fjs,10,107.58233815779364,107.63738998682092,1.000511718093973,-0.05117180939731014,12748.077855443955,129600.55862321853,10.166282328427556,3131141,3110820,0.993510033562845,2.7547561518854864,2.481268070643524,0.9007214917898362,2.1083967334904146,2.110529255721349,0.0021325222309345193,loss
combined_effect,competition_no_rl,hpo_with_rl,2b_Hurink_edata_6_workers.fjs,10,1232.3647805180583,1246.5865104366926,1.0115401950327205,-1.1540195032720524,17534.498657894135,129600.57296571732,7.391176417089654,3214613,3718303.2,1.1566876634916863,26.4771649353375,28.11109748287197,1.0617110083925094,2.113464037168262,2.1139219508188054,0.00045791365054359545,loss
combined_effect,competition_no_rl,hpo_with_rl,2c_Hurink_rdata_28_workers.fjs,10,2224.139456931579,2166.264085418685,0.9739785329860842,2.6021467013915833,85033.3461992979,129600.69961826802,1.5241161898358657,1081110,1575781.2,1.4575586203069066,34.12593718103847,32.69110012725239,0.9579546476284517,2.1251258986810857,2.131192168369944,0.006066269688858483,win
combined_effect,competition_no_rl,hpo_with_rl,2c_Hurink_rdata_38_workers.fjs,10,4495.425533285852,4423.4764667311665,0.9839950487396695,1.6004951260330524,129600.53317501544,129600.60976159573,1.0000005909434044,559702,807415.2,1.442580516060332,48.927228199760116,48.14372763634427,0.9839864101800951,2.1251472382881,2.130108254924561,0.004961016636460869,win
combined_effect,competition_no_rl,hpo_with_rl,2c_Hurink_rdata_50_workers.fjs,10,13105.581466552312,12936.13443155212,0.9870706206029355,1.292937939706451,19170.045837450027,129600.49189596176,6.760572874728245,3238811,2347762.8,0.7248841627374983,278.8276574674417,254.27270208332033,0.9119350081439154,2.1166725633346433,2.114418837072384,-0.0022537262622592813,win
combined_effect,competition_no_rl,hpo_with_rl,2d_Hurink_vdata_18_workers.fjs,10,2489.636475784442,2429.9039022044426,0.9760075118753316,2.3992488124668365,56091.50022649765,129600.63864073754,2.31052188152233,1455215,2187934.8,1.5035130891311592,35.90885475908043,35.8497541763415,0.9983541501633665,2.1254711848244674,2.12508912780693,-0.0003820570175374627,win
combined_effect,competition_no_rl,hpo_with_rl,2d_Hurink_vdata_30_workers.fjs,10,2924.098329713539,2819.9486145201327,0.9643822801254398,3.5617719874560194,111659.84488406181,129601.24331941604,1.1606790556979822,1205848,1321410,1.0958346325573372,40.911072860486115,36.1319873735679,0.8831835698072322,2.1328379174040504,2.1293458197802915,-0.003492097623758905,win
combined_effect,competition_no_rl,hpo_with_rl,2d_Hurink_vdata_5_workers.fjs,10,1168.9156979577347,1184.4899887147462,1.0133237074189543,-1.3323707418954278,18269.915206217767,129600.57059016227,7.093660212832052,4008091,3063549.6,0.7643413285776196,28.07318157430381,27.2855986712969,0.9719453635519599,2.1295666871804806,2.126886248295481,-0.002680438884999692,loss
combined_effect,competition_no_rl,hpo_with_rl,3_DPpaulli_15_workers.fjs,10,6430.239353032676,6108.403665736974,0.9499496566727464,5.005034332725355,129600.97383835315,129601.3674443245,1.0000030370602913,380974,758617.2,1.9912571461569555,57.58662086043589,56.34712462522321,0.9784759686070716,2.122477683077767,2.1294091447103165,0.006931461632549318,win
combined_effect,competition_no_rl,hpo_with_rl,3_DPpaulli_18_workers.fjs,10,6490.408574020632,6214.94295158402,0.9575580459542675,4.244195404573247,129600.6332034111,129601.45623471736,1.0000063505191752,634855,739591.2,1.164976569452867,61.299303174446294,52.421377164309824,0.855170849416158,2.1242306147207066,2.1248958438972028,0.0006652291764961404,win
combined_effect,competition_no_rl,hpo_with_rl,3_DPpaulli_1_workers.fjs,10,6412.460163978758,6238.627815876039,0.9728914732165976,2.7108526783402365,129600.77803266048,129600.79146456718,1.0000001036406332,1468519,1449834,0.9872762967316051,63.267273698166534,60.125924032639944,0.9503479527106978,2.1097772839204807,2.111763061365545,0.0019857774450642296,win
combined_effect,competition_no_rl,hpo_with_rl,3_DPpaulli_9_workers.fjs,10,5690.904328834167,5412.488372358672,0.9510770274128767,4.892297258712331,129600.90116536617,129601.29764301777,1.0000030592198668,1529345,1122978,0.7342869006012378,57.82473171141226,54.398683645724574,0.9407511636580317,2.127255506097656,2.1281586433541477,0.000903137256491604,win
combined_effect,competition_no_rl,hpo_with_rl,4_ChambersBarnes_10_workers.fjs,10,2298.6803132097884,2201.6122847317374,0.9577722800685977,4.2227719931402286,65271.51511867046,129600.7029025793,1.9855629621428525,2463962,2078604,0.843602295814627,38.18251826157438,36.16365086547758,0.947125871000276,2.12577350047994,2.1233214478396207,-0.0024520526403191134,win
combined_effect,competition_no_rl,hpo_with_rl,5_Kacem_3_workers.fjs,10,16.835863948497682,16.699163880538915,0.9918804245284386,0.8119575471561391,12082.907692456245,129600.4619771719,10.72593329982035,3045638,3106993.2,1.0201452700550755,0.7522517915938125,0.7173380418107198,0.953587681447564,2.1098891257959362,2.1234076945336,0.01351856873766355,win
combined_effect,competition_no_rl,hpo_with_rl,5_Kacem_4_workers.fjs,10,30.79290816573601,31.554866536067408,1.0247446056809681,-2.4744605680968146,19557.235724043847,129600.34089124203,6.626720806556019,3597754,3936982.8,1.094289048111683,0.9090765176389439,0.9038905907709895,0.9942953901378695,2.172283481914533,2.174750428814754,0.0024669469002209787,loss
combined_effect,competition_no_rl,hpo_with_rl,6_Fattahi_14_workers.fjs,10,1225.3550704966983,1204.3527729292882,0.9828602353121232,1.7139764687876813,10071.412123465538,129600.32607109546,12.86813849759337,3622796,2653780.8,0.732522835953225,40.98063593362738,37.55275857714118,0.9163537295507559,2.1241645202534656,2.1148793231333913,-0.009285197120074251,win
combined_effect,competition_no_rl,hpo_with_rl,6_Fattahi_20_workers.fjs,10,2839.476328126015,2833.0602425010456,0.9977403982694218,0.22596017305781535,17245.936037921907,129600.43749613762,7.514839276404631,3920906,3633121.2,0.9266024740200353,71.81690916986639,61.2620128769756,0.8530304852311924,2.1236837752742015,2.118361707331401,-0.005322067942800324,win
